sequence,fitness
HYRMIHWMMEIDCNGCANNTLSRRWNYDFWHKHVEQVKCYRHNIRDQTEV,0.2348808860773579
GLEVNCLEQSRIQISPVRPKRPAHKANIMWTIDDAFLHKHKINCASFDNI,2.9919922643576715
DADFRQDAFQHKRRLPWHTYEFHPRMEPHWCLPGNNYMHAAYPKDHGIKF,0.4037342047186445
RKYTTYNHCDTFTTTCCFAAWCNGEMTGFYCGMSSAKGSDYEWDWYHYKA,2.114884321926012
IHVIAMVLDHSSYTCASNFFKKDWSSDYAYMTIEGIYDSDVQVCDSKEAE,1.0488205753360718
YIHDTASNWQGGPWICARAFSWEDTTNQGDKFTQDAYADVLDIQVRCLCT,0.56957194687947
IAKMSHLDVPHEPYAIQSQNWRCCWTYLGRMFAINNFHEGPYRDIYSPVL,2.848019743994952
WFKNAARCSIPASHFDNSWFQFRTQYFNSSHEAFLFECYLWAFPESSCTY,1.2714302525242935
NVDAAWMFNDAAILMNPNQCWVDTILCWKHEVPMEELFKDTDSEVTHFNT,3.344371535474684
DKTTYSPWTENKWNKHQYWRSFDNYESHPLHQFDMMVRNKLNTGHQPILK,3.0578646587884664
VCFFGWISPAYTHPEEGWNHLWHDPPVYIKHADPTAGGNPPRSMFEDWYV,1.228122475882131
RADSMNLSIGNIEIVFKETKAYPSPQDGVWFRCLVPFAAVRTMTPACKDA,1.5438188541980118
SGTFFGDFFLLWTQKQAWPPEATICIHCDVNANFTSRRFQCMWHGCGVCV,0.8167414873342249
CYGARLWTFELTLTYFCGCPMMSMWRSMSIEIEDDVWWFVLGAFKNQCTQ,0.1607678222398996
PKRRMSTEAITDYRRQQCPQWHDRQMRPVGDWRFLHTHNTPYELDKPVRE,3.4743294034923884
IITNWLKFGYCPGFAGGSEMKDWIFEGCYMERGTGWCRMIWPNFGEWYAY,5.414532692687298
TNRAQGFMEPMDAGVLFLNCPICYAFKTKMRGDTFNVQMKCNDDAIIMKF,1.6123937759275067
FFWQEPLVIIHIQWGARATARCQIIWHWGGDHWILYRRAYHEGAFAECLF,2.067441812180379
LAGPREPYRIFRENPCWWEEMFYMLIGGIRQMNPIVARIMNNESEFFILT,4.082024496475034
WQIKMAQFQEAWIRRKKLYKDYMGCHVCTMNWHYGATMVTHTYKTYITHA,3.1454200461549777
PWWTPSIWVAQWRVCTVGWEAIHDLLWQCAVHIADIRFDWARICDQQMSE,0.8067338252902105
VHLHAWSWEVCARFYMLCDNYFFGKCNDYNTLQTVWTQKICPHKMQEPCF,2.399467114812856
MGVLEKGCTFGNLGICNPHLPTQCMAWEWMIMETHIDCRFAERYWDYMTP,4.274585109450978
CKKITAMILHDDVFNNWGCNWFNTTLTRNSWITFSGIVNRKPRLSHTHQR,0.6511716659183242
HKWSIVVYHDVLHTQDNPCDFMINHRTEPVASPLNCDLCPPVDHQYTNSN,-0.28182032513322897
FATDPQVEVFSAQRKRTENFFMGHQMPCHYEIYWPQLMCKTDGFFRTKDY,-0.15859899999414728
TLDVVTDDGPRKEQFCMKDKDCNLKRIFMCRGIFSVGFSPFPTVIPWDIC,2.903713869390598
AGWSIASKPMPLEGHFMPWLLMHVECQPNHCPQTKTICPDSGWHLKCRFE,1.8325660679647862
YEVETNTLAVVQRNEDYNHMAGRRWMCQCETDPKHRMYCRQYMDTNRSFY,-0.32552517092473865
DAGRCDTNVRNSIQTIRQVYHDNDYQRQHTNYEKGSCIMPTIVVQRGMPA,0.5080919301187558
GKIMWKTNQRSYALIVACAAKPAPYHCGHQVRCLNTIMDGKGKHKVNIIV,3.165197251623699
RHMYSEGDKLQMVNNPPWWQEPIWNVGVWFKDLWDRAHNTYFENYVTWKE,2.359359208728331
CECRCEGHLWWNDPVIRADIESLNQQCFFGPKRQHYCHGTCDFFAINEPR,1.8331447692319087
QSLLNKAFYIMNAYMFRFNFTTNRRGNYVQCKFYADGFFATWQNLYVMCV,1.9004908618277923
HRMVNGYPYSVLIVAIGFRRCAMLVVTIRITNIQEAAWSQSFKCVGKAKS,1.9654924936432534
KMECGQEGWGCVPKWPMAHRANHRWATTDNGMDIQQLCQKDISCGNFCSF,3.2061909820293266
RNERMSGQVNMPMSRREMWREPWCQESYQRDISLEVCTPEMHNLHPHTLL,2.2561542290880365
HANPLRPKKRLLISTFEVWEHLVWELAVFRTDNCATSFRDHMLKQPCDHV,2.7962088084525214
DLHKTMHQWEGLHPQEIFAEDKIAGKHEPTCFNIGIVDNDGCNCGTDCYI,0.5750316230675147
FPRSLSNTSNIYDSPWIFYINAYGVIHASNGYCQEAVPCKCKAMDYEVGD,1.7614398632876989
MRFYLNRTLGVPDLQGDSHYQKRDCCDVQYVLCAEQAQSQYDDKGPCICE,3.7077576703115005
PQYVGMCWWFWCLCMVRKWKDKQWHSSAEEHITFHYYEGHVFYDHQHFFC,1.853988418445793
GRLHFAPVPVFPETDTMYECYSVIDKYGLLPTKTKKACSALVIMCIITRT,1.9320041490657667
WFNAFIPIMAPWDTFYIQEMYRWHWWMFFILGRSTIIKCRVDTEEQKKVL,1.7465821296538167
ENICPSCMLRTIVKIQVYYNWQTDHTNKRVPIQIQHNMMPVCRYVRWNPM,2.5034458123655825
DWHNRFRILSIANFDAEIDLCMLQHCKSPKYELNTQQCYMSWGWFEREYL,2.652166788251833
DFGIHLGQEPYTHEQDFSYECVWWTQWPNGEWSPETAVYTRMPATGEYSR,1.073515901150168
QMHKSFYLVDPMTPGTPWWLDQWFFYTLFEGEHHVDAEGKQNYENLHDQL,0.7405607632765204
SSLPGNKPEMYVMEVAHGRVMYRSHLNQFVFDFTWWNKAVELHATCMKHT,1.1724097793512804
GCALFCSCLCSSWHNRIGLDWTHYEQYRIRYQKITCDINALYDGHYVMWF,1.786143883046375
WMNLIKEFIKRRSQIVLYGNCHSDPDVMIGAAIFSMFEGQWKNMQSAPPC,1.9109887176199656
FDAEYCFDKYGVGWNMCRNNKCDNSADYCKWRVMSTFNMRDAYSCCDIRH,1.1447480578977467
GKYAIDERGRDQYQENTHKDPRVWAGCQGQEIDWQYTIQGSWQWDLWKYP,2.0886627535509605
WRYQGEITKAYQMDKQKEEICKQKSTSNDMQVFSYFDNAKKEDTCAIPRI,0.7732445673450096
NNQRRKWYIWGYWEHENPDNCCKAIGGVTNGIWLAPTDIQDSPYTPGTQT,0.8907909229501367
TLMKKFTKTWHKHPMQWMPQPAINWNIIPNSAPHFIQPRTRYVVCEAEVF,1.2478435944094168
WRIYTANWRKHCKLCWMPLQVWKHDYGCGDSICTKNDMAPRFTGMVEDPK,2.6005823180429783
NCDDNRKIMSEAHCFHEFAARYWLVDMRMTTGFICSYNGAETPVFDMPEQ,2.129379790923355
MLWVGRLFFLFDGEVKTPRYTPSEFFKTPCPWDLCPWTQNNMHEWADPRC,1.26971247725367
TDVIWFHIFTFEWCMPRNMHFTYKQNGTWWSNNYGEGMARMWVTWQVWRR,1.8139957781198892
EHPDSKIYPTTTAIWGDFPRQSVMDLLSNCKDRDWVITIHHDAEFARFPI,1.980583206608363
DCIKCQQEGMDIDQPPCPWGSCITCLSGCCPRCHDIQHHATKPWWTLLEI,1.4452387167816654
YYVQVQYREPIVNQCVCMKNTRTVGTVIKGFNMAMWKCNEEVRWPWTGSN,0.9507930422857409
ALRMPFANMTERKYWWNFLTFSHKDRSVQDNKHKPVFPECSKKGMAEPPP,1.9417289147404346
CKIHEVDGNNIAEMDPTLNRLQPFGCTEQLDDRGTNYMEGAYSRTINLRK,0.9459592890589763
AHYNSSMEPHERWKMIAIPEIDKCCPRNEIKFYVMRKTNHLLPWMPIIER,1.226398227103099
MMATRYGRKQVTVFYYKMAVGCRQFGGVQLQPDGINPMNATSMPVMNGKS,3.770565269090509
NMFVWGVGENWCTMMSCCIPLIERAMHTYVNKFLEFLMLICISFDNPPLE,4.678333029161633
KCWAHTDYYDDTHQTVPYYVEAVAPYYLMKKFATCPKEFMWDNWWPHRHI,3.1202569324419605
LYRVYPIKSWSHQQERDFADRIECLEDCTYPFKGFLIHHGYDWRENGWER,1.8652843921893552
KFPVFSWQSREHSITSLLCKTMLTESYRFGTAWETKCIRHGARHTCKKPG,1.8395012306202265
NSRPATDREEVTWMYDIQAQCEWGATIWAFSGIPSDWNSMLYENCWFIHQ,2.678936503512114
DVSWWVYSIATNMFNTGAFQFAVSKWFCRHEAPYHRQWYVLKILTCGFKF,2.641127313439709
TTNHDLCDSCLGMHRGYKYNWYDRCCDGRLKASGKECEAWLRWSECPATP,-0.1875190260592985
EHTKEWALEKPQLGSGTLVVDYRREKWTMKLVYPIHTRYRAQFMSCIMVD,2.260329873179814
SVSLVGWEPQDLGAQIWQLTKGMHTAFKVCMGIEVMFRVCMPEHMERADQ,0.8504511518256306
GVAGGSFTLVHDPRYWDEFAENLYPQFEQLTLHSATKGWPDHKFLTNSDK,2.0736320768114544
PQYRSPTICFGNVATMLWQLRWECKLMQHRWRIMKRAAWDLIRLAVCWPA,1.4736188700184618
CSRPSTHTHPFTDHTHATTMDRMSKASKWNWKHQWWCKPRDMQIVWSCIG,2.2484308822052848
ERYTPVCPPRYLDWDQIEYMMMCTKCRSEIKFSPHYTDFWNHKGTSDELF,-0.9468893339846052
LNLPMSIIIPCNLNMRSTCVNWVTGRDGDAPQPEHLHRREGYFYNAIAFG,4.235392053798128
RFQVSGQIHIPGVCIMAGSYNMLDPDRSPTDYMWMSDGQVTERMDDSFLW,2.5959067029844127
EWMCLMYSWMQCFFWNVETLYGQMMVVMNFKKLWAHEARINVRTQQVYVS,0.5067811765893853
YGDPPCFTGCEMINIMYIITYYSQMHSPRSKDWYFLTRIRQYHNTTLWQM,-0.5503483215624496
CVHNCYVGLYRFYDFIIINIMQILHTEPEFEVGCMQFGLIQDNSTALLCK,1.5600123642743098
VWNITRLRRHPTKIYVPSKNNGWHDSVSHEIPPTTFGWPQEHIPGGDDPC,0.10802452533384566
SGIIGQDLDNTFYKYHEPPLVTYYPTEAARPTIVPQIIRPHFTSCVTHPV,2.6716623117805502
PMSTIWYRKYLNYAYKRANDMCSKRNAPQIINAMILWMHMTAIGVGFPWI,1.9346640469875296
KTDWMTWCIWHTGWGCGFWYETMEPYTKEQWDQIALVSIANISVEGNKRS,0.7829633306085522
QPCDLKYILWDFDSTRDNKNRCVYNESSACDYTYAYGRQYRQFGTMSNRE,2.941257854794798
VDIDIVLYTIMFPFPGFKSCAIWMNNHPIKHRCYNAIFRAALLRTGDPSI,1.1156950489808801
GTSQPGDQQRIRPTDGFTCRFYGGVVETQQPHNRWMRNDTDWYEDSNITH,1.0973263506148778
MVADEPGQFSRREISSEPPCDIRMKHPCIHNWHLSDLGVVFHCMPFGQNE,3.6028105156861234
LVRIKFLYGSDLMMTEETKWFGDAYSMPLDKNQAVTKKLWRFRYCPSRLQ,3.478783576612252
LQKQDYSCLDMMPHTCNLVMSTWVDSGNMRRSLNPEHCRIHRQINPMTTE,1.2893346314426708
RNFSQLHPYFDRERQYWPLFYYGECSVFEPWCPMEYYREKHWWGGYRRYK,0.303357772684792
EVVFYMFENCPLKLHEWLDWCYLCCTSSQHMAMEHRVNTAMARLHCLENW,3.000398588395064
NDLTCTSCYGLLIAPKLRFSPYVMKSCCNIKNKLCSYHCAWECQCRNFYH,1.8512253193185084
LQQFVQCNGEPEQSEAPEYVGDPSFEIWQHQGNSTPQHQRNTKRNCFPYI,0.9899540607161756
MADTWQIPYDFKGCPFIAYNMHRMSDYQDARATCYGISWADDFNNYPYKH,3.537090317546881
EWWGPMPPYRPMWIYILSWMPKYWSHWNRQMLMGCMWGQYGTLADIIYRH,1.5808426772063098
NGQNMWFQSPYEMTHQMKPVMRWAEQQDTDSQYPRQWGLRYGLHTVTKLL,3.6640073739123564
HSVGYAANCETEMEAHVKDIWEVYMQVSDREFTHSQSHKEMCNNEVHAPG,1.935975389500046
FLALFNHKNAMRCYHNVDHMVNGFANMEVETCCNGLSQHWTKPFFLLHRH,-0.5322460852196853
RDWLRDGNRGPWDIIYREWDPISPDSKQPHRHGCKTFNALMSQITVNTQS,0.3766660556312118
MGRFMVPMQVWRKIYAEQCSDIGSSHPPFYVRVCLPVRNRPVRMWDHQQP,4.299260031382798
NKAWMWVNAWYTFDCDISGPSSDPQINIKAGWMMPMVRAHPNVWRIWLHV,2.446771430840847
KPISPPTYFTKCVKGMGGPMQCIDDAWVTYPDAEPTMCSCWWSWKALWAC,1.6928471189644636
SNIVCPGGKSMHLLYVYKREIKPKETSRDYFFYRVRCPELPLKIDSQKMD,1.0071978034808131
FLKYHCHIHQWFVYNTPCPHLGDDVMYFWWRSKERNDQTWGEHWTSRIWI,0.3370885866500253
VSYWLTPPHLCEGVGTQMWCDMGQWSHIWYSHKPAIEDDPIHASGHNKML,1.855350972530575
EFKTDSFSDYRDYQSTYVVQVRRGRVEIRDRPKCIYTPACRNQCVHGQIC,1.3116003805885068
TFQYDFSVTMTSCEHCGTHFFYSWKFIKFLCKMECGQAVHAAAEEVMALK,2.38304482013648
SCVLTPVPTFMHLTRVWCEDHVLHIGAEQTYVMQKRNLWWGYGIATTRHW,2.168928991370854
DMYWKLCASVTGQRQDWNCDVAYGFAWASNISAELMTHNHNRCQPEQQSH,3.242024215044945
VTFNGKYARGWVGPAPHRNAREPFCASGSQDRDCAKKHDVMHKAQYGHLH,2.1536242852719845
CETALWRLWNSKRTQVCEVHPRAMLFSMGKPIQATFCKETTVSIMVLPTV,1.1724356471375414
PVTKQTEVYRMNKPRRFWYQTVDCALWTNANTDMTDIYEHQQESATLSSI,2.569279457572441
HGSYSHKQMQHAPYDYEMCQNTNNAPQCNSEICLKRPTSCYYQDNICEQS,1.1021926374477218
QGPEVNYWIHSWGYMFSHFMRDFFKRDGTIMGILDQQLNGNQCKLTTDWA,1.6244825722129512
NHELPCLEVFWCNTLCGIWMNKCIMELYSIELNQSVNVHYHKAGGNNLGT,2.202239667223571
WLIGHAVYNSLLQYLLMCYIHIACVRAFCYDWVVQINLYTMCEARPIELW,2.7689996603111537
VFWSANCIVSFPWDINCMNVPFNCFHNSIKRFPFMLYPKQVRLHIDRSEG,0.5624152035508247
FSPPTHIPSEISLNNFSAKNFYDFCQCPHLPSQMLGEAHKIFWLMRGRFW,1.7550954209185687
WLNEVSIENCEFDKVMDCKQEKPVRLSNYFCLAHTSDQLHTGETKEHCTI,1.118197619313276
RISWMCTSRPRESNEDTVVTNENYRSFRTVFPWPVQEEYYWPNHNECCFL,1.398498348024681
LKPHFLLGWIATHQTKTFYIGMWEVAPQAMTENLGAHSQYYGFVRGWAAP,2.3105353174739403
KIDPGPYYNPCSGWPTKTCWWHLLYKTRCEWTFHVHTHEIPEGFNEKEWQ,2.073684723816993
FVLWNVTMDTARKRDWPNYATPALRHVSQVHTVNICHEVGKKQIWDVFQE,1.5157731185180476
NCMQSYGERAHNLFNVLGNHVCLRNTEHKWHCGVGPWCNRQGVFVDDLWD,2.523122267770886
NSTHPCELHTYGWFLKPWGEDDEFISDNIPEQQPGTEITDTKCPYCYMRM,3.5044650648161406
NFYHHPKPNPLAISPDDFMHLLYCDIMPHPCGKYCVSNHHTPMGQGGCYR,2.100533077331592
TIFTYAVRFHVGFWLRLSNVASGDCCPKSFHPYPHLRGFCRSWKWHEDYM,2.5633341509338763
GQCEMRVADDHAMGYDWCVNLFKCCGLVNETRGSTDLFQPGNIFRSASFD,2.211326644162355
YRPSMCGGQMIIAHGIWYIQVSKRLSEYPFHKISGSGQAKPWTMIFLHLE,2.8842314424619486
CKALLYDGGCVCNFYHSYAATAYPKRDQMNPPALDESISTWRSRCMARWE,0.5023553504205287
MFDPLMVCHKLVHHDNHTAFSRCKHEYVEPADSESWAFWMPYFEEEEYVV,4.579715387233726
CENHRHTSWKQTFCYSQQADHRWYCWKWFVSENHQNDFTLLMTFPLKTAE,0.6034348225957221
EVKVQRGLREVVTNHSMQDWVLGPLVYSGPEQAYFINCNFFPKLADVNDK,0.723037887230032
PHNDKCKNNRCVPQFLNLMCFHGDPDGMTLNTECMHCVEIYQNVMICRKW,5.820543907941816
YIWFMRIWIWVLHKAWFWARSHNIFLFTFRPAMAMVVSPHASATGCTGQV,4.648575914058534
KILTGQGHNDQWSHIVPKLKRYCPCWCDGDLGSTWDVHKYNFDMEFAVNP,1.1092680855918116
KCFPSSDEMQDSRLKMSLTWCCGWIDQSADVKGALGNEPTIYDNHNCQFK,0.42292902608964433
AHQFWMCIKDCHFFYPYGYVCGKDAAWFPWNSWDNFCHPRDYFIAIVYSV,4.684133087477801
YNPPLHQSRNKIVVPVRETFSKLVTVHEFSDVQRTATMTQYWHPVQAHIV,2.47982034582897
TWGDFCYELLMSTSHSDSINDTVMESTKGYCKGDYGHAAFGPCRRPQHQL,1.337519572723685
TQIESPYVQVFKDIYLWDMMTSHEWNRMFFRVMNCYRYEVGWMCIMFVVQ,4.638011404206329
DMNNDHQMHLMRWSYNVPFEQIKWDFVAIWTTMCGQDNENPCCRTHQNTQ,1.2640300849539001
GWGVFGCIRRMAVNNMIHCMLDYLVQVILPIEEFATCIHRFCHIHHQVGE,2.0999194341933194
HGFDNRLYWSMIDHHQCLWKSWVKSPLYQNWHRSILEWWRQASLWDFKVM,1.5074981061980774
SCNGMINCKRCALCNIFARGNIPWAMYAIFTILCKDVHRYVDQCQMSIHM,2.5368266442606497
IFICRNTARQYSKATPFLGWPAYRQILKTKDMNLTTMEHQHIAENDPYGM,2.1146328952413382
EYSHMAHNHHLSIKKCPPENTCPVRIRAYLNFKISQPPFSMFPMWDRHHG,1.7555177566413749
HFVITYAQTLNSQSILTVYSTSWIGGKENNTRKHLSNHVRGNMYDCGFVS,1.5043408650495227
IYMLNGYFKSQIYWQHFVCMIANCVHTQHDGYCTNNTLDYVPNTELMGGK,2.000235855526775
FTIINIWDVWWRGSISVYSMHTTNPLHQATEFYHLTHAHMKNDEEPWLFH,2.201652905129255
SANCHMPCHRMCHEMCSHPFTNWHGIPFCKMGHHWGMMHCWEGTFHKAAW,2.4987686614735516
MAAPFYAYDVKQTQEFTCFEEGYPFHYAQETQSQSYIDWACRLVQTPAFP,2.849699183964466
QDRWTDSQNNMTITYMCLLMGENMPFGAGVKRIWSGGDLAQENGMNLVHH,0.7439692000333324
APVKKKLCGRDMGDMRPYLGRVVHRVVYKCIYCMHGLFMACAWCYENYVA,1.7430548748782184
AQEFMPSPCSGQATMWDMFTHLMDYLLQNRLLWALCTHHYKCQTAKYWEI,1.9761315959952714
VNLMHKGWSRHSFSAWFHWFTIACRYVMLEFEPPVCSAWKDHLALKRRDF,0.1697664042130822
KKHNKGCKTAWGFCKQEERIESESNSWIGLFVLLHVAHAREYLKCQSACH,1.0604087792628685
APAFSRTSPMTTCPQMLDTRKLIPVFGTMYSKCFAEEDKNLCMLGVCCLS,2.694910556026825
NAISVPRNILQFVWRGMMYYVVLCKQWLEGQERSHTWWTGMSIMHWLKER,1.0122347600824733
SKPDKPCIKSCGIFKAKLEDLRMQGNPTSDCMKDVYRQCTILVWIIDDNT,2.6026767474486383
ETQWKNFMYDRQMYIENIGRNSSYYEMPKENKPSGLPHWWTPPCLPKAQS,2.2859573880172155
TPRSSCTMIYDNYSQSTMTWANRVQAPRHRYLQGQNMYWCYAIQKCFISS,0.8128458409687962
PYRADGQEVRKVDLTHRAMTFHWRDRFNYFDKKHCSKPWYTGEAVWKPIP,1.6769461848937655
EAEWKLEYKPNMNVNSFYNMKVDYTQATIFFKDWKVSACQQASRRNSQRR,1.2778186289514428
WICCLDTIEQLAEATTHYRPCWPMRLKKYATNLFVRGHTGINQNLYRHKL,2.194226082297333
FDVMRYFNERKHLPINWASTVMVHVIGHLMPKHKPDDAYCDRGPAYWACR,1.9295282410077768
QWMRGYKFYCGVWKGQPMNWWWPQVNELTENPELDRCTGIDVASHDEKFW,-0.00764938312521779
WRHLGQTKWFHWYHCSPIGGKEMFTYHRRQPMPKLETQVMSAHLKDQRCQ,1.149248568221669
SHEVFGHRAEAMVQMLTERSPKMMGAGPFRVYQRFECHLSLVTPAARAGP,2.3383574419359596
KTSITRANFGAALLDTWMVCKTQETTNYVDMVETVFQLRASMYGSCAKNT,0.9074219932711772
RWLNQKPDQLSHEYMSYETPMDKGMSWFQTDESSEWTPANEMFCTIGKPM,2.503217572053658
MLPTHDYPWHKWPIVCVVMAQSMAHSQRQMSWTGMTKVTNFMEEDTHEPN,5.241942401952601
AWYVMYDTNLIRFEYWERTNDLRLVADNADDFWAEETQVASDKEFMKDGM,0.6212228761537144
WQTQTQNSAPGTNWGHAAFGSSQAPYLLKPDVYCTWPPACAFDHPVHAFT,3.372265904097528
IRYECFAFGCAEHAAIYSPVYLNALKDWKLWSVQDCAVKPCHSWRMAHYI,0.5332365932108025
ACWQYLKLGTGEYDWVEITFPAPEQDFHANMIGCWYYQALSEMSYASWKK,1.4052438535503562
KTNPISVAANGKFSVTVAWIDFIWVVARVHSSRGKHQMSGSYSNTFPIFN,2.579003143392759
VNKKVVHEPTCQDFQDHVPLPSKCFTETKYCVMPIATNEPKHFFTKGWSC,2.0386904203028924
LSFRPPPRQIMVELAFPAIDDHEDRIDHVMMTGIALWDEMRAKMWPSEAY,1.7404937344548053
QQIEHYWREWKPQQLSFGCPPWVWAISCIGSMTWMIEMIKCSGWIQSNFW,2.3955004831135005
VKCYNCLAENKEKGALQVGVYSRSIPMHTVWPRASFDLWFHQDPPLCGIE,1.78343159017748
WQPAWAELDYKDGGNASFKLPRNFFVNDHTWVAFCAHMMVTCHHLDNDMN,2.783324511516092
ESYVEGRADFTQKDPDMCRPWSVHPEKLKHRIWMFCLSPIKMMSLNGNLV,1.5362309227794575
HVIMHKIDTCRQVSYEYGGMTDPDSRMVRFSSTKDYPDHGKNRYDLAWWP,-0.07055904206700947
NAWSRSMGMDRAHATKPMYGAHNYWTEDAVRIAYQEFPRGAWPGRSSLKK,1.3127506340210477
NPNQLWCEWHRRGDGSCHMHEYHENFWFWDMHTKKLPRFDIYLPDIKNMC,0.40256042346504084
VKCCDSWEVYVLMTYSYPCCQETPEDNICGLNLLDYLKYWQCFYIHGMNV,3.8423725629278542
QDVRGLNHTAVRWAFRDAINWNPAWGIEFHEYERFKCHTSTYCMCACKCR,1.1851487342788958
LRLTKVEKSESWAGLSEPSYGMDYLAYMNQIMEHLWECVQSMLTQEWCHK,1.131731000155885
SVMHKEPEWCKNCGFFYFEKLSLLWLGTFGRWVEISWYDLCEGMQSWCTK,1.3751871663177107
TRHWDAEVIWGAIAWMRMWLNAHTLGTVFVTSIPSMGDAVFPLFQTACHL,1.9113034907907336
SWRNLCHPDRADLRGYRHFEVDTVVCPRFDFFFDDYVYEASITIHINSNW,3.173405942350254
LHNYFSKHYQMHLKESLWTKPACPKHSWHGVWMNLPNLYVEFFNDICVKP,1.1143250824098698
RFNANGWWSWDLVPVDDNYHIKQFWSNEIHRGFQPLVEIMTVMSNPSASR,2.8202983745089645
GNIHCNQSMYKLTNGWMKGSYSGFECGKTQHWAYRVDVCLMDHIWVPPWN,1.8348535989675112
NPNWQHPGWWEWKSEGISFLPQHYGHFVNGAEWNRDYIMSKDFYQRGEIW,2.8411972794100846
FPSAPMIIQPDEYRRPKLNQAQQISQASVHRTWPKRDASIPITQHRSWGA,2.5416967423057226
AHRPPKREPNFHIFKQNEYITIAYCEAHAKDNWRSLGTTWVMHLHFNSVD,3.876456022364264
YRFPWNFGHLSIKEIHRDTMKFLRQEYCNAYFGMIHEGSYRQNNSRPMTR,4.081492457418015
RLEKYKYMMHLEFFMKSKECQDVGMVNFKYVWDKETTCKKFRRDWDGEPP,0.6161311048592707
MFAKTADRLINRKLYKRACWQIGNRQAMDWVYCHIWRLAGPQDMDWLRMR,2.909513967220052
FEPKTCFSHANMNWNNQCCEYSLPCDWGWYWIQLDGRVQWLRECDHSLWT,1.0915476780224431
WFYPPMMSRTVWEFHCANLIANCLTDHNIYNDTKLGANFPRMIFCNCSDL,4.155927801881285
NANNNWTYMPILIYIKHQCMIPRDQRCWNYEDFDRWCNFTQLDEGSHRYM,5.552106822474636
AFPQKTRHNGSFKQIQNLYYPWRILDDFSTGYYSCYRVAWNIGNHVQIYQ,2.2497638343429256
SHQQNAANYREHSDHGSIGLSMPGAWNGVPHPITKYPCECEVFWLVLFTP,1.282209786087689
TKNQQIFWQKHIQQMQIDVDPNRVFHMMRLRPQTPLAARSNGGNREECNH,1.5734750162103106
IQANCPEYVWSQINKGVCIQGLITNTPWNSFSGMTQGMNPEHCGGVYIII,4.2472596897171915
IACNREDQIPWFPYASCHGFECLFVLRKMTKSGMTERAYAKNEPHIPMKS,3.9184400353030386
NQWNVTDAWESNPTIPYFVRNTRCGTSTYKFAGQTWAAPQGGAQDLWWWE,0.8201177945505185
YWLCEGHSHVYWKYLPVSTPNLAIVCSNKDECILSMVQIRTVGQDHRSSI,0.04808181680821311
PNRKCTFMWHCSNRAPGPVDARPFPFWVLIRYECGDHLGSCTPAGFPVNH,2.861068178542879
RDSASNWINRCTHPAGPMLSYTTEFQYLQAMVSVILLFLVGDIKFCCHTL,2.47915284643443
AEPNMLRFTFCKGVQWQITDLTMIAPEHQFMTFYDFRWSIPSDAKKTCKW,3.491265024102401
PFKPAREEYLGNYSDQALRHEQSQDTQVDWDNFLKAPDWMSGDWGIPNLD,-0.0463075791888512
EMWMNMGNKLDDYSDLMIGYMNSVPDRQVQFQIRRWYGWIGYRDLRSTWM,2.103379120187676
SFFQVIFHSQFKEESTREGSEGFSSLKEQENLEVPPQVASRFGGDSNEAE,0.7256927966497242
IFCNTHMEFGMALYMTIPYVSCFVDTSGWHVQGIRRRSAMFFGCGQMEKD,2.8135746088468063
SMEASWSMIAKNITLHWGWVRCQLSHILRIPNIRNMWQVPETWKHAHHYH,1.8730575338620756
LVHFHTESWLDDTLTTEGNYTTLHSPDCSGGPHFHCTPSYCFVHMMTSPF,1.7000000056135665
YSSSQGCQSYPRNKVQYEIISLTAVLEAEEETKWPEFPSFISAGMSFSHW,1.3961653861707957
RDLKPSDRTQHYSIEYRFPGFTHGCMHIFVSQNTFQGRHQVAGDFNMPSV,0.7190301405835509
TTMYLSCTYLPNRHPNNCFCYPDMSAWMKQKHSDWEHNVFLNIWRADVVC,2.42978679655739
YLFVRYITNNAEIARVAMCANSLVRTLDSGDKMPVEIPLCIGSVTGPQLM,0.912116844898581
PNKEHCHKFRVEWYHITPMACTFGHRWSPFDDWQSTEPIWFCRCMPLDFD,1.7846490728741378
IVDTILCNGCDTHFAINQSLRRLHDCGKLEDKTQLPNAWWGPWPECRNHY,2.2497874119067345
VPTEQYPDVQRDATDQDPRVQDWIEEWMAIRAHYYMQSQNTQLQVKTGIP,2.1286704649676733
WEHEMNQPLVSFIQFIGSENMDNFGWVSMFKDIGENNSLQPKHNFVECDN,1.783836165381234
DEGNWLATSKKKNKRCMMIGYHDIVTMCWHVIQHETFNKYPVYKEIATKY,1.2553387140379817
PKYGAFDEAQKEVQELDHLPEVMEQVILFHNDELERLSRWYWVNSASCRH,1.8123650951365327
AFLEQPASKSWRQYLNATKWVHKNHQRRGQCIPGFFAKGYHKFQFIHPPI,0.9963024538046571
WGCPMACTICGFSIWSPYHSSNQVVSYSPKKPEKRQWNGDYSYTSGIWCQ,1.8409506083333973
NTRVSPTIADSCRAKSENAAHVRPSHSPQTNYPYRECVCRWRYLYMLFKY,1.8291835796169258
GPVHCQFVMLMCRHKFHYCDCWEYHHTWSDRQRQHDTLRGTTQVFIHEVF,1.8995810747455988
SQWQKGTWNESMETIQCMMGQLIHIICSKPNTCPAWMFAYPIGTNADQIM,0.5655459188470839
DHWESPYWFFYECPSCWTFVVIRPPSYPYCDRWPFGQEWHECHDRACLSR,1.9945838047755575
RQQGQTVYWTSIHYNKQYALTTTETVYCIPYRYKDDCAQTPWRQCHTVGI,2.1797170071942604
MRPCQGKHVKEKENEYQHPIFNPYQVYEVHRGSYISSDTKDYHVNWSTYR,4.276827361965034
ACICWKKPGRWRVHMIGICWSHLNTHIHEDWREKPVSAEVIYSMYWWVWM,1.6686284830330218
LSFYKIMSHRYTGRIHCPGFYAVRLDFPICKTVPANYYFIRDGPNWVAHN,1.9044954796913944
LNMEWGKYLFPKCVANLCKCQMMTEPHSAPAMGYDNFKNLWFFKYTLASR,3.626714365996052
PAIFGYQMGMPNCDETGHRMDGCQKVWNPNNVKTSTIMCINAPTQQSTGH,1.0114763895498582
ARYVPCWRNRVQGNYGKETCSQIQCSEAYQIDFGIGGEHWHDIAAQGLQE,3.0000978468204784
AGKRNDMRDQCEWNCTDLSKMRDSNFHKVINYCLWKIAGNWTCMVMVIRK,4.828331563486246
RHYPPAYEEEPCREGDHGDELKGYMHVEFEEPSQMCQHMEHSGGCIHQKR,-0.835678969000222
GKPKPFQFKIHIDRIAHWCQVRQWWTWSYWAWHMFTMILNLPVLWYTYSF,2.1308644484087575
DRCPITEWKRKKQSTPKRHAAFKNGPIRGGEMVDDNGGIRVYSGTKWVFG,0.7772267203187043
DKWPQYWHENQCAVYIDGPKKYKRPSCQGCIEQMQNSGYANHIKCTYPFL,0.18901888394976252
NTGDRHGEWFDKGPYECEIPLVKAPVRCMQRQSRWKFFMYEYVDEQHISY,1.5017883337073277
NVQRRFSFCYKKERMAVAISVKNWVFCHLRHFRYYRLQLTQCSPKHSLKH,2.006347533932023
SKTYHMIHWYNHIHGKPHITTSCITPVLCCQSHNQEEVDATHSFWHQCDT,1.469857591669607
HKGVVQQQEERRVQALYLLCIAAEHKSFCMVWPMYWTFPYALIIWGNHSK,1.512399372411211
LLLYSATQWTQIKIPTWHTAFGCSFFNDSGRRSYPNLQCDKMMLQKYLKF,2.8040424027919624
LAHQFTGSMLRHCNWNSGDCYFMDDFMDPIYLCEVWEYKSGEKPKGWQRD,2.7122709780979335
FVQSQKRHQGRYICIATWFYSHHVVCRQVKQFMIFMFTERWCTNTLVWVP,3.0865091738292785
VVSTHNCLFDWPNDGQEPWVDYGSYDNWWEACPPCWSNAKTLVWHWRKLY,3.1155830398339646
YEGEFKNIFMMPQIVWNNVLHVNQRSCVNSPYTVDLAGDWEYDIIHCGSL,1.7559840383159189
QKMVMTCDMVDRMMYMWAFLLQCECVPWFYCMVGLTMWTEQYEQEGKNIE,2.194419702233203
FGFWIKREKHIRWRFWHGWTLWMRLMDDVMYVRHLYLPRVEYTDCEARAG,2.1028970593853327
AHWPNNPQNYNGLYKCHKNFARIAVPAFVSLEAIFCTHTGRFRVVGCTEN,3.675170087126287
WCCQRYCEWKHPNDPRQKPEIDCWITPHKNQQRDRWYQIFWEQSYGGDRD,0.6959728385287578
VASSLAEDFNNPNSPFERNWWMGKANQGACMDLGGYCLGTQFTCKNWHKS,1.6574827543052746
YMNRVWSRFMRVPETESRQNDLIGQTWSRRANLQLLYMSKRQWKEHIIWR,2.6298579346224544
KNSEFIAGREMFVRVYPFAVQFGSNYVCPTTSVIDTVGIPIWGRLTAHPD,2.0702438884216128
WRFMVDGDFKWPGMQGGTMRKTHHAIFWITWNRENPQFSHRPSNHSPDRD,1.9491665552347324
GIHYVVRYWCIMVPKKTHKACEQECIVWQYLTIQIFSILIKVDTYRTICT,1.184499236690319
VFKKCCWDTQQQGDASEATVICVSLINSNMYWADNKFALTERWIRHRILV,2.2187482200397235
ATIVSGLLFNYTQQDNYVNCCTLVWAEECWNLPYRDYPIHIVKGERFFHK,0.9539027986604386
HKYLEGQKATPHKMDNDRLAQYGCIAEEFYKPVTARCSYFWFCHDTDPHD,2.465213413513675
LHKFYIQEYQNCPAYHKTPLSGSMYDKRPLYPTHGPTRERQMEDCYLPYV,1.6188019095100712
SMLKNWAVQATMYRERQAKHMCCGWYQDHHEFTEPSSCVAVIMRSTTNLY,1.973963756252878
WLENVHYEHLRNAYVSFWEGTHHKPYQSKRFVYIRKWGEMLDANRRQHTW,1.2316816768437595
HDDVYQDHHFDVRYQEIPIRTFYEMVLTRGSRIKMCPEKFWDDGLFDHVI,2.1588978201982743
QPLVAESSVILSMGANGPTAIIMQLRHHLEVLWQPRSCEVTLKRNKQPGW,3.3119426229320563
EYTWDQTPKATSVCQTDCICCKYGNKHNFSFNYKHWYMNDTHLRCPEVAC,3.488446816546841
MPACCFENDYLYVLAGMCHYVWEPVYPWTAGWYAITRVHSHTENPEAAHK,5.343613807127896
ASVRGCKEPMPMWIHSDTVRTMFSRLQCSWIRLFYSNPKTYNFNAYSNKP,2.0491349254540197
WHDANRMLCETTIQEGWEDYGHQNSYICPIYSESYGESPFRIHQHHVLVQ,2.2137682774074436
LHHHFAQVPIILTGRRSIWYRDGISRPYRVPIQMGACPAECYSDTFINNA,1.4637505722597994
CTYKNEPEHQKAAYEALCRDKTPDEEMHMMLFPNLHWWWNYRFQNMFSVN,3.27744099941937
FSNCGEPLTQRIVDTHPSFELPLQNAYYHKIPQNIVSMSQDCDEFLYCNF,1.035528060143654
ENNSTLTTVCEWMTNCGKFYKIYIGDFKHEHFMRCPSHIGHVYHDFARDI,3.3475803182091775
KRLCYFWPMARVSKAMKMPCQGIVSNMGDQCMDVAANRFGSNNDCHCHMM,1.9689286670393595
METSDLRIVDHLYKQQMAEGFDCDKWWTVMNDVGHAGVPWHWKDNYVIKP,3.602922376033721
ILTHTVCDWALQPKGGWLDVWFMLTEVVAQICWRCEAWLAYREHHVPLIL,4.271270136705354
MGAWHVDYMFWCELCIAGMLPACDKFLLNVADFTITKGTIHHRHIKRCHR,4.9460239529828165
VVLVAHDQNQEPSSFYGGVGHSKPNWAIEWFTDWAAYKFHGTTPNEIFFP,0.7319880761562951
APFITPKCWYTHDWWKLQVRAGRGVADTSITITKNWEMEQQGTCIELHES,2.8363427959118495
QSKEGAHAWIDAAHPASQENNTRLDYYNAALVRCTIKYMGQAHKMSWCRD,1.3024513034542222
HNELGQDTMLLLDRTVWWNFSRRGNCYKEFILHQFSRFDLFRVICIIEWV,0.8154819805750035
AYRVNAHWAHCHWPFWAAVAFKNKVMAWLCHYCWGLKIMKYYKIRCAKKP,2.6897628780883256
YDGASRHCLRGCTAAEYSIAWMTLNKHNRITFQCSTDAVVERWWLFWMHF,2.345668686634648
YNWRNENVTWSMCSATVPFGALFAMHVYLRESRRNIIVGFCNEPTSKARN,1.8061652090195655
YCERGNVYEARVQDRFDHGAWHENYVKWEAKRIRRVHVSCEYSDCDFCWY,0.8651029621789049
CCYVYQRNMMHNSFCSRMGPWLWFHMQSVEARQWFEPVNRKEFKPLSPEP,2.9519474545131574
RYYPFGFPFPYIKWYRLMFKMWCGADDQYFTRGQQTIIWKMPPWWFSKYD,3.8158237815976044
WFIQDPMIWLVVHSGSSAWDGEEELKIWTTAYQYMDILTIAYHKNKYDEL,4.571099779580978
FGWILMPYEMNFLHKKLLCEIQTPVVPINAYVDNWPLRYCWDQHIMYGMT,1.6779572342590066
LTCGFECNDGQIQDSRHRPGRTEQRNWLGKCEKRPYIWWSMLIALVDMVD,1.3955003412301639
QGRQHLRLTWTNRNKFENSKDDVTLCMDCKWCWCRDFMHGQATTQLIIQH,2.9130608435040424
GEARRAYDFFETYQICIAEWFFYWNYAHTCMHTDGMVVLFRYEARTWQWV,0.8247405190188106
TGFHAPWAPMHYDAITPQFGGIPVETFDEFQRYTGLSTQYNKRNQVYGEN,0.46600804036304366
PWPNYDDQVWLTRWKERWSITAHVNSARHTDMGGRHMTVWIYIMDQKAAN,4.501574515484019
YNTRCVSEICQRKCTLKCWTMTLVGSVYVADRYLFRQRLKNHFLIYSNKL,3.0097088243633405
SLKDWMGGRRPFQCNYQWYRYTQVFNLIGRNGNRNKWCPPIPEGGNNTHR,0.6214457332822818
QCDQHRTAKQSPGAEDTCWYIRGYCRYNDLQQDAYACWLEEPKHSVDYYL,1.6156606300833944
SDMLSIKRDEPNKQWHSYFLVMHQYVMNVCALAGHTKHTDSFYVAEMYKI,2.277955642862775
GLQIDWNNRHEKSPEKVRRGMITTVERCCLDIYHNWRQSQDVGTQQYPDP,1.7325121714392362
CKPISDPEVCYRTLAGDWHPPTAQDQASLPEKQELIDHLDCRKRTHYVRV,2.007099887489365
ICCFAEGPWMPIHPAGHSRYCSTRDENFTGLVLGGYRESIHWTPRCLPVM,2.424002197227305
PWFDWPFNQGKTIPFTDGQRQMMKGRNGASYRCTDDFTTYGAHRHWYMQP,1.6938834959758702
LGVCYKWGCRTSILLVLKWAEDLNVYGCLCKLCITTEVNTKWQQTCIFHS,2.9312349050740014
STHYIIMRVGNRGVYKIQWWICEGDDWMLNQVKRDMLVEPGPYFYQPQIS,2.8511269941314286
ACVWIDQKITSLLGTSRQEECMESEAWCKPVSSLKMELDGDKDVIIRPHW,1.4232232871403578
ILTAPPSKLGFCMKGIKKINIDPWCTSEVQCPYTRYFHVMVFPVCYEPSG,2.6958695923806317
CKVTIRKTCGFTCVLLGNTPYSLCCHGANPNWKLTVIHKLNRREEANCRT,3.768481709325381
HGNWAQEFAAGFCFKWRPNFCEVLPNCRQLIRPIQAPIVKPDVLFGIHVQ,3.600135711132507
NHHMPRVHGMIYAIIWDFDRQRTVCNSECQMPHLAEVGCDQISWVGQDSA,1.5926510065616541
NQWWKHQFVKHKETNGVIRDCKIECQCCHNGVEWPYCIWKESWLGSLPKH,1.5907307266071151
WWNPELHFTVMRHVGVSCWAMYFSAWQDCFTVARKFPWLYQNMHTVHYGM,2.5081417632826404
NSWWMSNIDCGSYRQCYVQVCAYCKKSMGNDNAKYGMDELWGAIIGTWAR,1.8981722697231174
CDKSPWVNNAYITYHKTLEHHIISNRIKDSREYSLMFMPRGSRMYCCNSW,2.3601933517654916
CTQSFLTPSKESMHTPEQLLLNCKFIQHHKDQTVNQPQKWCMTCWHVPFV,1.7881655076420864
SRIRATRQQLCGTFFRRYMFAMMGICRKRISQRYPKAGIYVVTSPEEQFS,1.9381102172732254
QQQQWDTQLPEMRRCMCFPAHHLGYNPMVCSCWGAMVLVAWSHRAKCTLG,1.8631931540269722
FNHPPTEVLDNAMVPTIYWTCDDGLVVQSHATFATLNYCSRPVYQVCCDF,2.9405803309703904
SRNKQSMGLISDCSWKSELWPVREKESRCQDEAKTQTALSWDNDRTVHWH,2.6984987787284056
SSWRHFMLKAYAIDCEWMFLIPFNPIRPAGMPYAMMIDWNGIFLSNTGKL,1.761048976098126
YQQTSECSADMSVRKNVFIDCWICWAPYTDKFGETSSMCTRVLGSFNGQS,2.170992119717739
KHCWIMESVPFCMAPFVQPHIVHYTSMWAIAKWKLMAYIYNALERWGFFV,1.711089641465418
DCEVKWLRAMQLWSICHWHRIQAPDGWREDEFVLINDVIAQPNDVPRLAG,1.4723461762169991
QMHCQGFFWWGLQTDALDFWLSAGKFQLCFALKDREPGYTFRIFPAAHFQ,2.000197233040182
RTVHVWYHIPVMKAINCRVTRYYKDYWVYIARWLNGPEPTAFTVHSINQW,3.881472893001078
IAKCQPSCENSLDEGFVDLMWQMEGTWPLMGCAMSDFRREEIHTRFPETT,1.9353497988830908
QQTICPSSGEDGEVGFKMGSWMRKWWKELKWRWCLWTYCWTVTCWAMLFS,1.5333781365152308
HYEMIGLHHEDHEPYTHTEMDMDNAEQAQPPRTNQNVEQWPVMGKNWQRM,1.9314947878438984
GQDWYMTTDQHWDCTKGKFCRKWLELIPHHERNSGKDIHEPWHLNDNWRI,5.211523277905492
LCPHISMETSWMHPWTPNHAAYQRMKTEYWHAKPCCRTPHKNDRHAQWSL,0.7580012147687035
AFDTVWVSCRPPSIMILANKFKSVIMYWEYLPYQCEHWTSPVNARDGQGA,1.9906490208321084
RQSYSWAELYVCERESRVHRMWIADFVNNWKMTSELRWDFMFHGPCWMYF,1.541584034139202
KGTWIHFRLSKHMKTKDIWYSHHYPDNIPYSHENTATCGNMMVIHQSNKY,1.215871432356202
WSKPFWLHKQRPLQNWGNPISCHNHWQKVMSWMVMEVWPELFDSIHWQRT,4.1009285972517695
AGRNYCFKYQVICKHVSFRFMQWDLGDCPVCRFRTCVRYDFMKFAQFIQS,1.1298219626595019
KFFWESSSHVADIAHHIWTMRKTMGKVYCEVAMDIFYFMNKPYDPMMYHT,1.302933241460547
SQAMPACKPFKPFRHQSGCSWFEQGIDEACPKNLLVNSGLRKCVNDHKIG,2.863363350073559
SEGRIAPVVPQMHVETWQLGVEMPILMDRIYVAIDAYSKTSGHSILQMCN,1.5187534364192266
YYPRNPISDPNWCAIKITKGRPNPHVQMQTCWSLIFHPSFSRKNIPFQSM,0.4507767499529811
NKADNYPGLLSASEGWCVLEARLVSPRCYEAHMLAMLQQHMECHWQWHND,2.5845747250358473
RFIQEHHVQINLQKGFAAYTMNDGMPMILCQSTMCFSSCSFIYQLCDVCK,2.3595077666386617
QFIVGQVTKPSLLENIRWRIIWKTINREGSFPRTYFWHDPQSPCQYHFQK,3.560007518815593
LHQQCTYEPVDWFAKIDCANPLTMFKPYMEMKHSFGWASVPALHFPSYQM,0.38663176379506026
IPHNISVWENSTEYKFTTCCHEPYMDCSDRTSYHSFCAPSFDRSMWVKIW,2.4076731933215068
FTFQHKTDIPSLVDNSVTHWITHAIWYYLNAEEKRRHNDYKQPNAWSNLC,0.5304400941226781
EAMICCSAEGYQYRHHVCYRATYPNRFHIQEQLSMQQCPDVEWSEWRASR,1.1733222229039622
SYATFFHPNEEGRWGNQVNRWIKFFGDFAMYAHRTICPNFPGRMEARNKM,2.5142839761013747
AADIMAQAGGDLNLCPSPEEMQDWAFTAWWEWGREATMTAKQRACVVGYI,3.4454669865593406
ARLELMFKFMDELHAGITHAKMWCMDTLDDHCAHYMGEWWQDEIVEMSDH,2.8435728794749213
AGWHFVPALKTAAHENSQLQHECVSKFKIYSYVESEGDVRIVDGRNFHRH,0.1748145633378022
PDPDCETGMGCTDNQCFLLKPLGMEQTYCLDHHAIAIQQCIWLHPRMQMC,2.4588883458472304
ITFNGVFGKRLTWNKRQATAPIPSCPVDPWPWEWVGWEEHHSSFREPWHN,3.35886969445533
KTCSHVHADMRDPEIEVHMEPKKWDNMYMTQSLELYNKRKHNYQSWDMYW,1.2034728659452962
GARRQHFYSTMRYSDGPAQCCRVKDERFYYFLSNQMWGLYDRMCGTVEKL,3.3172338451976824
CMMMAQAKAEAWLRYEYQFRRSSEKAFKYFESCSVCSASDRMLTETEWAQ,2.3962485662454283
HTELTEWVTGHGNKVCTAKGCGKDSRNIGDELQRHHILWWCRALGPLNGG,2.882832866385907
ANLQREAIDQTCRGFQWKIDVISRRSALWFVDEEMKASKMGTNISFATIL,0.44358929361544663
LKPDDACMQLHAHRMGHHALRIWDREGLVSVGWTVPHYNCNNEEVSQTTD,3.0348033969229813
GPKKITSSWSQYQQQNGYPSKCDLYCLITAGHRVKILEYIAINRPSVATS,1.9469957248776357
LTCWYGPKNVIVCILKVIWDKPKYNPIRPPTRWDQLTIVNTMKRKNMTGI,3.127959478670963
LREVMKKIDVQDTEVRWGRHNSKYFMCSEFHGLQIQQYDAKKCSIGPAWR,1.417984931017161
NMTEHNPFGCHQQLEDQGRIFDDPCANIWKQVLKGAFLPEACETLNCDQR,0.9733703871034664
PKCWSMNACSCWLWLSPSVIVPHVGKGVTNDFHLLWELVDDFSYPMPWGP,2.403484951849067
FWFQENGWLASEKVTRWHVGWNDAFAIHRMVQKFENAPADIVSYYSCTLH,-0.23012237572735605
LWYKTKKFHMIQCLSSWMGGHSPDKDGTDCNGLMSSVKWCASVDAGWWMI,4.235473897850655
LWQMKHRYTDRQIELCQILVRFPVCPQLERIRQKYDRTSEMIDWQKDEEM,0.8246209703273937
WSTLTSYGHQMNQFFYRAKDESHQSVSSCLHRKHSDTICYDICWTFYTLK,-0.23702600112792904
CNNSNVPRSENTAVSALWSQCGFNEEFHGPEPELYAIHFDRTPRWYQPNK,4.484230601754902
DMLATPQACCHKECWFKPNWKLWLNQISTYEGNVHFLGQGQNNILSYIKP,-0.2889690677458421
YQTPCQAFHWQQRFFCVKLVEIVYTSVHAAVEYYEGDGPHEAGFPWEGPF,1.8304236800424767
PLDPNELDTKAVKYKCWSDSPDLVGGVGGPQHPRNADVICEVPRCLCNFN,0.5771323950020223
SCSYSGPNLFIGFYGTGTFTTPHGQSDKRVLLDADFHDETDECQFCRMLY,4.269509507745664
AWQQAKTQPPGHCIGDVVGMDSFCRSHSESTCSEHVGVHCWKEQFHIRWM,3.0092400198275007
QGSVAIAAWLVNTAILLVKCDCGNWRWNVSCMNFGMLEKNLQFAFSFFVG,3.082117170592518
VLRMWPYDSHNRITAIQLWIWELDESEYYPTSTGDYEIYKAPCLWTPQML,0.9789178535139686
AQDPCTDRIGKMCKVWVFVNERMWFGPLQEYNRLMKMCPIIAGPKGRSET,1.3470875070263328
KNWYNGNKYFDCILRKLMKQFKECWAANMAQMHCRIYRILWDYQKKGIMI,3.140895977150274
ESYGKFGTTPTQCWDCCHETGHYGKYEFWLVRAFFIYRTWPLTFVTEHFI,0.23613206637065853
IMKWWKYTSHDWIFGCWPGGCFMMQPIRNDFGCIFTCMEMKGCRFNPTEL,2.7005120398998543
KCHWVYHKNDSHFHWTSWVWEAEEKICGMEQKCAENFKESCSSMAREVTH,0.29013399587187627
VPYYLACTDTNNYLHLVGHTNTVQMCAMCSDYAYIWAFAMKFCPVNQFLY,0.9272316798749067
GRLGAYEQYYIMRWIPVTGRPVMPAVFGAHEKRGTYVEKQDAMANKFRVK,3.204774334043409
PPPLLHFYHYLLPRGYNWMGACREFRMLTCYLYDWFDIFNQHMIFINRWS,1.3789274020042837
IHVGWEDTWRGNWGMYYLSVQENYIHKTLDIQHSVMGYQPEYYMVANVHN,0.4987231012420854
AEVRDHGRRGIIAPPMEHNPNSGQWSEFKDLTWLNHVWRHNHLYLFVKSH,0.631936152437161
FHFRWLIKMCDPMLRGAQVMIDQCSGAQLGKHCMQFKHQSSHLGTACQEK,1.4373380286439212
GTMEKSDEDPWAGDDSLTHPMLHGATNEDGSPKMYPWDNWIQKTGEEWNC,0.9478623473505892
DYEAAVERLTNYNSFSTRPICILHLEMKEDMDVWQMCCCLRNMTVQTRNS,5.172999926768087
GCCSCIHAEMYHVETMMYMRQTCVSNLSDICAQEEKDFAWALNLCSIQRS,2.3577390196646846
DKVWHEGWASMEVFGCNKYNPTFYPPLRRVVCMPMERMVSLNPKPGGMWM,3.029972415390671
LRPIFCSPWKRGIQFTHKSVPVLAVWCEMDKLCHRWLYQEMDTHMVQQGK,3.031742089380528
NEYSLHLHVKVTMATEEQKPSADWIVGYGFNKKTWTSNDQTSNCINSISL,1.6541540664252807
YREREMGEKKDFRKCDNSFLRQQPSIITTDATSTCQHWATLGHGFCVTHW,1.1532357030012088
NRRMCDWYRSARNHHMYMTDSFCHLFRNLTYYMIRCTGPIMRPVVTPDHN,1.2273561921099927
EMQVHFSMDSMLCSTLVNIDYDGCDTKECKQMCCFHEQCNLAWSRQKRHE,1.6174390807258425
RRTCNDHGQFERHDPLCNNWWDGCPKPQWMQSLYSCSQVGHPCRTPHADY,0.9661411151490018
VHTNSLSYVRMVGAHNYELCKLYMQDAHEHSLRSGEEETPCYGAIVEFFR,2.789647397011988
NMPRTVIGMKFHREWPAAQKNVKIQKYCAPLIHNTNSLNMQYPCYHADYN,-0.4354794285511776
FNDYFASKLLPSYEQTFPDFSWWTVVIVKWLCTPMSYHDSWYSCQYLWMV,2.374003902442758
YLDDIGYAYGCWHMMEYSFHSRFAYKFGDGIGSSDTGGWYRWCIHIPRNR,3.7298321128406418
QHTFYLWVLCGDWFHHLAMHGGPSPCWWWVGCWGYRGDMIVTWWTEHFSG,1.5841789013254926
PNDHAFAEAPQRTNHWDVEDNNTGRCIQFDLHMRCFMIPMTRAWSWPEMV,1.4550353831741105
VLTPQHLDCWHFDCGQHCMDKIMVAREELMVRDHHTYSSIDYRALCHQSR,1.1947965991328324
NYYQYHIIICQLVVVSYFYFYLTPTVPTRNLPMDLMGAGFHNNHCAVNHW,3.5781624846935967
DLMFCIQIGAAIMVLNYSFSNGFAWLQDGFTVNFKNYKDARLQHEFYSDT,3.2308223724317333
FSMTFGLALTDCTECFLAAEHQQVCASVSGLCHTDYNCHTWNKQCEWSTC,1.517263468221364
TWIYGNVCWLDNSNIFMLDKNGWSQEVLVNWIAQGQCKNFCWHHLTQMYG,4.682888388947831
WTVNKSVSSEHAYAIILAQQLWSKYSYIHMGRWQRGLQSPMDIDCQYRDA,0.31284576429022914
RYCVAKDCESAKIGYVSIEDRGAVMDPTVQHHQRNNISKCQSFFYVVFMP,4.270379574583308
VYCHRLRTMCVEKTTTSYIRAWRKFSPSMPGYTFTAFFHSVGCPLYMCIW,0.9612834171840148
YTSLFQWEYSRKDKVEWEKAAYWDLNVQLLVARIDVKSRFPYHSHSPTKN,1.117732937491223
HAEESFEGDITVVNANMPDIDTPLTDPGQLYSVPLGLFGHMSNNYFSGKF,2.2380244020287163
SVWNCLNQVWGFSQPCCNAWSHHSGVAAQGGENVLDDIAVRYTMPYLPTA,1.6084505179935524
DCGMDAMPFVRVRYYYHTIPSLQGYHGTINELGHIDIRAPVRHRDQYEED,2.3242460040313975
FMICSLVHFHGAMPNARADRKQIEYYGAVGQMTKHQTISNNFFQGHTKPK,2.4280751695052643
ELSWIGEHQPFKDLRYTGDVFPATDWYNIIRMYASQHGEIWDEPCMSLRL,2.3291039616729465
CGQCLTISQLPALNTQFWFRPTAQEKTDPNSEVDTAWETHCNFSIIPQMG,1.8622976866703647
RSPNVVQCCDIMNEKTSTRYHLEQQQQYVRWPNWWYCDLFNHKCLGNGDL,-0.09717675720253038
KYFDFIIQTMSGMLKRHVARCCLYRLWPMCPAFHPPYGYNIKVMYMRKDT,1.160506246977814
KTVRALILCWQIWASRYFDTLFMGEHWHQTTPACVEPAECESEKTYCDRH,2.5602774246253377
ENATEEKLWWRTHDFSHSKADIVVWHYGMFNAWMRSDMMLCYFIPRCNIW,2.850739704093159
ILPFKLQMQDSYTFHTYMNCWFMWHGMQEIKCMYHEQANWFIMERYNYLS,2.374778530858673
IYIGDILFMETDVINSQSEAARYYDQKWICEAMFCPTTVKGYDIDAYPFS,1.8497148313425076
NPEKSAFFWKIWVRERPVYFVIAWTCWSVCGHGGKIKNVGEHVYFVLIAR,2.515615241602094
DRQAIHKVNIIGDCQIGEFPKPKSNCWSPFGTTTDPNGPQHFQVEAHYPE,2.4939007935372475
YITREGGLEKSHQGAVNRARRSADNHFAARIMQPWNWEEDGFMKDKNDYT,-0.2599308104071698
NVELVIKWPGHGMTWNPVHFSEAEDEANPCKHPCAVHVWINMKEHTMCVN,4.577227076036984
HAFGPMIYCRLICRGFDMMSDKDWMQCHLLYAGQCGADEPDRPMETFILH,1.3640617531866808
THWKCYWGLPCLLFECHVTMVINAYNGDFQNPPTRGNCEYNDTGTTMHCW,3.20084189231614
STMKKQPMNDAIWPHPGDGDPPPAIFYTKPPFQMQHTELLRYNKDRNRAR,0.8333582948554359
MFHNYGDLEPWFVASSSWSAYYLCQIGDSTNWYDPSMYSYCEETAAFNGG,4.379584246163036
PINRWYTKVCMYTVRHSAVIHCNSKYMRDPPCGGNEFIGDIWMVLYNYIW,2.7955557966352105
SVKEKCKKVMPGKSECHRGMYTEWHMPDQCVFPPQNPVPELFVIQCISHD,1.9747203158497206
EKTTYQQPEPTRVMEYMLPIPKAAREYANMWRLADQRALARDYNWSIQVA,3.6469081719521763
CNTCTHGGIFRHDLDQDAAWECMNPSSWYYKSHPEPICHMTQPRKDPPKV,2.2706787887065003
YEVYIWNMSFDNRSPHRDNINVDNCQQETRSFTHRTNMWMCRFVSELCRE,0.34895804971330646
SHNDTKIGRLGRQWPQDEQQILKQIMLVEENVIDVHAPDDRWEPPRWSHD,1.3654848721767177
VMASTSLTDVWQCNMTGWPHMHPPAWWRQDYEHAWDYRPQHAPENHCTAQ,2.2051153345389434
ADMHKDAWCFTWFQLHIIHPQWMCTGKWFKHEVVYTESFKCCEYYTYWDF,1.5280842391769704
LNAVWYERKGNVRWKPSPAVDTFGTTAHSFSEMQPIYRVHWKMLQSIAND,3.8595764925613314
CSECNTYLYIVVVCNLIWLMQRLEHMDFCNFHEMKEKNSAIAYWEQQKKT,2.2268322094835202
EQDNAAPQSHLRIMQPPKTVWPNYYIMHALREAMFWWECHPYNCKSIVEM,2.76535870905007
TIWIGCRAGWEPRKDCSVVGVMHQVHLIQVFQLRGKLTAQECDHQNWVRA,1.9642423556264859
RERLGPHAMQGFWWPHIQWWNKQGRPHMLAHVDKFPSSNVMTHRGGVWYW,1.6158604453110328
CDQETGWKEHEMCLGIRPCYARHVLRFMIIGRRFPQMYNYADINRDIWYG,1.5625362302609875
FEKPPRCPHTIVRRFCSFGNFYIMQTLCDPTDLIEPHHSFTLEQFCQVMS,1.7176239840748428
VSEAQNLWEYDERMSEGIPYEFLFNALFWWYNSFTQNPQFFVQVYAHTDL,2.368141366097218
SIGEMTCGEDHHSCIRSALHSLNTPNRQWWQVFYGVQEAPMDTVLSPYNE,0.8053464358953171
INWRSNYVNSYMYQCPQGNHEHPMIWCVLGEWQQVTVVFKAEHMQLWIDI,3.4729835776298295
MKWNFSPGSVTNAHQVAYLRMERSRTMVSRMPVIKMTAMHIWEEWKTVAQ,2.7796982199293057
ELQHNSFMEPIHMMTQCYICRFGTIWFWQLPFHLMDPCEDREERGFNHDH,3.4440315056532134
GIGDFKSSKVPMLLGSNEFCWAENCNSCTCEGHRYNFQSMNWTHKQYNRN,1.6061527126544428
PKHALGRRKPAKDKYRHEYTEWFSDMRWQSGFTSCMEGHTIARYNRRKSC,1.0980460011325541
PTMLAQFIAHCHHKEHYVPMKQIQTQFLGLMGLQYDHCHTPKPRPTIKKI,1.8151805819016014
SYHTHGFTIASTDPISHRCCLFERPTAVRQKNFCHKVECANPQFDETWMI,3.0131916843202102
FTPGQRQEVANKLVTWESHKIHLITNQNCNQHPEATDTIDLCEQMQPECC,1.4897776139263847
MFKYTNVDFYQSWKTHLELDKPARRMLHAHFSICIQERHYIMCKGADLFN,4.259724796461645
PWHSIWHELATPWPKFACMEKFFICHTMRDPVYYDCFYFPISVSAICFRQ,2.1554408508322163
DHEMNRGAVQHLKCIAYCHSETEDKRYDNRYINPRMTNYVSDKHWFWLYN,0.3796095721643673
MIPLVNHMLDHEIIGPNDGWMERCRTCHSFSWCRECLFVEAVYGYYQLVK,4.066959614395794
NLWGQIQMSYGRRQNCIWQFKPKQFCHSMMNPISAPMEERDWCGITFCNF,2.2878351218657897
IAGMDRMFSHGKHDMNMCACQPFCWTMSYVYICTMQSRRDHNDWLISSNF,2.385070202458372
YGGITNQCWGVEFGRGIKGCSYASAAHSTSSGVDIEETFQRNPVQWHGFE,-0.5196755003382911
YQFMNVEPYPEHCVGSDRYLKMQNHMTKPSDFTAKTPRIICLFSWAPEHA,0.3028044245667183
CSQFQTNYNDCRMLVCHHHQCCRMLDTKRQWTYTSYIHNANGSVWDDFDW,3.41301516112184
SATMKECKFEFVPFWDVGGFAIAGYQMCEPHGDKQYMFQWIHHDDVPAFE,2.890408005186841
SRVTQQWGPVRHWTKMFCRNLLYMLHQPFWLIVAFMYMSLRHRSGMTRSC,1.9734745587022648
MKDCVRVWRTVVMVDPQEVFQNHNIDADMVHKELVSNWDIWKWTPCEMCE,6.9525503160996776
EYAMCWIYESRFFRTDVMGNTQGLSVYGWDNSDSEYPEEHNCSHWMAKFT,1.9155101650753716
PMPPGGYLWDHFIFNEWVDHIRTWESPNENTKNRYCKQEEGFTPYTWATD,2.600044402481261
QNRGYCEPPTGMWSIALCWQDKIMRGCADVQTCWKILKIHGCKKWKCWSQ,1.4857259450631295
CQARVKIHKKMEHHENTYDKFYSISWSVRVQSFISAMMCWFDIEPQAFHG,1.673774230352389
RRICQSLRENLCEYGQDRAWAPIVDVYKGYCEVHMFIMYYRDHIMLYKRY,2.842035929103062
RTIWKLFLAEFHFYITAVNDYQSVLRLAWCPSIDWQMNMMVLSIGWPRPA,0.5262174615999333
CPCMPLRAQLVMHRDCIIMSCFHYPCDKLPPFHTRFHCVLAQWSWGNDHD,0.9779461045988902
WMYCHWHLNVGYIFDCGHIENNTWKNTLWMYPERNLHCHIWGIYEYKFGW,2.573164530218988
NFFVGKMQCQWLFEHPLLESRMWDRSQFTVWAKQYYMCYFRNQMKYINDR,0.6587007272590433
HTNYVVRDWRSTAMGKYSGNWPPEKQQTFWCPMCADNHAKVYGKIVRAQV,1.0275249761884093
WWLYGTQPILKFEGGPEIFCKMYYMHQGEGDGDAVEGTVGCNNESYLLHQ,2.4714708022217615
MDWEIQYQSRNSYWFNFLTRIIILYPSKSLDQPEEGWMIQIQHVNQRVNL,4.319423622174608
NIGWAPSVNFPIGDYENPCWEPWIISMVEAAQEMVSTCEDRCWKLWFQLS,0.8092897067856288
VYIFTSFTEAGAECPQTMDHLMLIFCRSESNQNSSNCQMKHNTKGNYLKN,2.3914226122365294
ACWASSVVPNKFKPSLSQCWMWMQRHRIEVQVECGMARNVFMWATISMWM,3.4189648284676197
ALHVNCVHYNYQLKRYLWWNNKYEASAPDNKECKYPQDVKRLTPAMFKHH,2.6386784291711995
CWYVLFSFRSEQTTSKCMRDSWGQFFGVVWCTAKPEFVLEPPTIEDMNKR,2.3661773907701726
MKDVPNKLPYYPKLWGHRWQSQYCKDGFQRVTKWKSGIDFHAESQAELMH,5.466883416755744
EAATLFHICKENMFNEPAVEEIYGEEMKQEPGPDHAMCFQPSRDGKDPPH,1.4752106493945327
IHWHELPEWLHFDCMLPHLEYSYGKPHVQFPIRWKGQLKTPTWPKAAFIV,2.0374153107134636
EARYEKYLRDCFAMNDSQNYSITTHRKEILRVQFKPWMNDCRFHEFSRSE,1.904275233510296
FCSGRVGPPASETVSAGMGTEQQYICFELYDSLREARLYVSKWTLWIWFC,1.8747320786253416
RTLCKCVNRYGVPENKCSAERYAYRDPVPLYHIAVNVNYKCQERTWGKTR,1.468943108981387
ECWFEFWPSNKSQAYEKWQNEHTAQRNNGPSQHSKQHNDQWMFPLHTSIT,0.2676573679480253
PMYVFGYQNEHMYCEHARYIFQVDCSQSMTDFDRFDGQCVGFQTMALKYN,1.8514907169778014
VNCAAANHEYERAGQQLHNWKDEPLQGIWLFFFKKRKQGYICFTLQVACE,1.2500789088030746
PSFLTMFREHLEYFFMWFIHIPFVKCSQTGDTPGIGSGTDNGHMKSFREF,2.4211013877422087
RCFHTIKLMARIWNGLFHHKRGSHRCINMGYPSITPEYLYSTIMFSISEG,2.3654944754208973
IKPTKPKGLFHMKLMDITHNSRPVVFQMDTNDCEVYQICWLFMKSFRQKY,0.547528503017666
YHRTVHWLPCYMFGDADDEHRMVNEMGWVRDTACWKINRHSHYNTMEWCC,1.920365439832448
TKALRRCQEVKCCVTKICCFNSQYCIEYKYWCSMINDPCPIRKMDHQRKY,0.5429205623095144
VPMAGCPPWKWAIQSEVQKRDEVQRILNKITKPQFKSWHNCVVSMCQEHC,1.794441819517239
QHKIKHWTPMVTSLEEMIKSLKDCKPGEQMCDFHMNMWPEQNCIWPAFMM,2.552472545439366
KNSWRTRDTPKPSWQIWDVSQSTYMPMEQFEAQHLCLDILIQVKKEDQQS,2.1824275024613677
FYRKHPINESGFAQKVGRSIWFQHEAEQSHLLENGPAISFHDCCYLYKVG,1.0272945493479015
QWLWFKAREHGRGHYDPCDPKWVFLQTDHKFEDPKHILAYAWCNPQFDTA,0.11216748596613657
QGTEGAKEKKPTDGYRQPKRQEMCSWSHMNESSHPFAFQMCVRQPCWITR,1.4450861860150828
PVAHFCTLEKMNNVEKIWPCWQFLTYSTARTMFEKSNVDRVNPAEIWFMT,1.1680088747164605
TCAEKCDGPRMLDYKLNITFIVMLRGWTLFSNFACFWRAMVDKEPKDSIH,2.751384160505924
SVSRCYEFHRTLYKSDKIHTFHPVQVDTWHERISASCCINMGWVFRIGNW,3.5828657496403693
NNKLTVSEVDSQKGECLMHFEGCCSPHFTPRDERVDHIMKYNFAQDRLLD,3.216905684853831
WQTNKDVEQGRTFGFWQEFMCCYNSTEQHRSICWAEMLVATSNSKTDVRR,-0.1300142020598929
SYAAEPEIPIQAKAHYPRKSTKGYNSRHLEDVAPVIMLEEENIPIDNVRQ,1.338688935241911
RIDNFKYDIPIFHFKFINEKQWPDEAAMSEHNGYKIQRFRGAYKECGCDH,-0.24905286326511722
YTKKWFGVATQRFTMLTAFSHNIVAYNENAADNPPKVAGFEGDTMEYAED,2.8003902332592068
AEWASWYVCGAWFCASCEDTRLNNYHLFYYMCSNSECLPWRATYEYKGDC,0.986434388052126
VWHDVYYWKSGNGPFPYHNEFSEISITQNDYCPMNVKHGQVQFYPANWLF,2.2805628429374947
DQETTQRHETGMNRNMTINKMDHDSLHYRLNVKKEFHHMLMVNSETTFPD,1.8438032232649246
TMAVTKYHFSHPPRTTWLCQDHMTRWMRRGRKFWFPVYTRQSETYQVGIK,0.912730757229055
DGTIGSALVQFTQVEYCHHHPWGYTVAPWSLPLQKMDINDHQHHQNAFMA,1.6383053929486144
PTDLWHYDNLNRGWFYCWWEYFHEMDFYRVSSLAMTRHGRRHDQKDGYKA,4.193750624214755
TTGRAPSCWCNNINMCAEKHLYQAFPGTRHICVHYSWKNQHCTMVNDQRW,2.256687789318613
LKLYEWLTNAMPAASHLSAKGRERLSPWYEYSMRMMDTFPLFNINSCDVT,0.8791870031172389
TGTCIQGKAFHKQKEYREDQKWGDVSDCCLRDIVMHWHCGFQVEEPAYFD,1.3857189391871427
WPHLDCHKNLWPLFRDIGWTLAPLNCLAAYRAKHSSPLVKNPMRLLKDSN,0.5447110240987845
DFPGKWHPFSEFYWGEATKSCMFPYTRNGYPVRRIWQHQFRREATYASPV,2.370178174746771
LVTKQPYYQMPTDAFPFFNCSTFNRGPMTKSTYVPMPPNQPKQAKENQKD,-0.6852048511897526
DQYCNLPYEWAMSWWNDVTFSQWGDGNYMHASSTRKFYIAHMYPPHMVAN,1.3189268431436583
DAEGFMYPMGWRPLAPGYNTVIQFCMDSSKPLTTLIHQVWVQLAKVPTSM,1.5398088193256942
SVQMEWPAWRYRMFLVHADATRFSNWQDWAALDPGMGDSKIDFQFWFYYC,2.353327965849439
HAVLGHNVMWEWPWCKIQKPVGDLLLKNIKTIVYTGLAAKYDGHKFSCDD,1.3858095818745073
LDRQELMMIKINTRWYGFIVRDQRPYKTWEYLDWKFQHGICQHDYGQNVN,-0.05293456237295979
HFNKMEQNVHAPSFWKKNVLTWMSIRMHCWKVPAWPQTYAFYQVPNREKD,1.573582373851905
HKTPKKYNWRVIGGDDCFYNGSFGEQDTFGYEPIMWFFDCDRHDRMSPCY,1.629350713661271
NHAQLDMYRGVPRDRALVINFAIFTREPTPCECNWVLFMADTRQRSEWIG,4.244058511936747
FNAHMLDIAIYMHSHPLTDHMPFWRAFPLFALVIYDWWCTSLSFYDDCEV,2.573082130927449
CGDDCDTQHGIWWNFFQTSEIDFHVIMQVPGPAMHLCSFSSRKAKMFGIR,2.9153815223840667
NESMHRTRLETEMENLQVGFCPQDMEPIIPLPPTGCTNGFFKDYFHNHLI,0.4172837393104665
TFRKMPVTKLFMRCYQFGRELWKLEEGISISGTAWVTTNNGHIDTIMYVS,4.879948368290599
WHTIIDSNREHMFPMFITMWVLFATTAAKEKQRSSPQKKELDKWSSTVLW,2.286161955581734
RRMISLKRFYCSVSFAWLPMRCGMRKNEQDTPINNNCLKAEQSVCGDYWP,2.3838054863866738
VCIQCPLIHPWRCFWAHVAAHTGYNYRPNCVELMGGKYPFGEGVPDLERN,1.8913622541116113
RLNIDHVDRCRPYLISSCKIMAMVRKKAHNLWSGMWWVRSQIICGPPNCY,2.0617641202406114
HGEKFLRIEFHGPWLRDVQDMLTPCPWFSLNYPSAKSWRVNQDEGSPNNC,0.7103183637488215
PDPCWKYAPCRWSMRGQGWFMEKKTIRKFEYVKDKKEHHIAKNGPFWAVI,3.4097059006073307
RWLSMNSSYDKILPVPPRPSIWLNQGKHGAQGNTFMFNDKGCCNICKSRQ,2.1752307288377537
YEEMVFCRMTSRDYRWPSNTSKGWPINKEPCDFVQCRISDYYFENWRPFN,1.3486838849015437
FYMVVHLYQYYMCPPKTRSLYNFYTLGYGNWCPYMRPDQIKRVIMFRRHV,2.1634603556662175
NNEMGLRATDMVLKHMICFKATLIVLKECWLTDWWWWRVTLQWVMMNISI,2.375537703724527
ETPFDKYVYWWSAFRNAQVVGATVRNPYCEDWINNLAFYMKQDFKVGHSI,1.696436924133283
LFMPYCQKLLLWMMDWANRQDYPVSGLTTIERAHLHATNTRSQDWNWVQY,1.89141583821961
NYTFIWERWRQSLQYMCWDEMPVVWNAGDTDADEGHIPEGMAICIYKETH,2.3980922727774545
LFLNYGADHMNKAECCTCEMWPVWRNMASPGGLCDGSGPERGAKNMPAWE,0.1039484376041373
FWDMCQGWAHCWAKTLGDYRYGDLNASTLNWIILLVLHEAMWFICCQKLP,4.431918674094052
AQCEWAEMPVLFAQSVDDEHPKDTRLRALHHDHKIDFPPIVHLLMNPITQ,0.4097480957555224
HVPVSSLKIWDKCWIVIFGLREDKSSRKTNIQVNQYFAPQCSFANWLNWS,0.5492905451840246
TPHDFERTNQETMGEPYRVTWLFNREIYTGSFQCTGMCAFIEWFFSVMTD,3.6631702178602086
KFESLKSYTVRYKGGMYDNRHVRIKRSYDFDCCEDKNKWNSALLEMMMGR,3.3119519023744557
CDFMNDKDCGGTIAIRVPIYVPQRGAHARGFNDYQGERTFGLKEKIDYAY,3.065298633569742
EWRWSIQFAWFDTHTPQNMADNKCQFDNNHADMPLWEFMKPTRPMAIFSE,1.082459550263526
WVCPSIWDWTKTAERNTNSPMRSGMRFDCARCYGNSQEINQYPFNLWPKM,-0.99725695209291
LVRYNEFIFAVWWLKAYDPGGVFTDFDPRTRFQMQHDYLMGFYPNWWFYK,2.342678859427073
ERDHYYQQKDKETGSVPHDGDNFTLHELHMIIFFHECWCSNRLGPGCQVG,0.847299204996393
QPIFPGWMSFNTCLRWYTWWPPSDEHDKIVQYFDLMTIKIYCESKKFDQR,2.5287404536855753
GSLQNKWNPPTCYKIHFWDPGMEDEDPRNRMMPNGYWWDSKQDDYHWDAN,1.7050881267001508
VRRLTVVRGKMRDWATMVMHANEIRMINDENILAPHYDSNFVINDSLTLD,3.163951251054712
CQKTERPWKEIRQDTIQPRMRNKRANGAWPGTPKIRVCCMAVHTSHHCFQ,-0.5758090928476314
GPNTSAHDGDDIQKFRTLIVGTERLPAKFMEYSVICTLPRKIGEVDEPYM,3.120277988882833
IQQSQACYAMGRNFNQQWFDVGKHVCYLNCPIHDIARANMSECDEVNADE,1.33503265384434
IVSGWIEKIWAELIDNKDEGKCCVDDVGARMLEQCPSNFWDYCTMAWIMI,1.851351524602926
TYGHPHMLILMYTMSFLYFYKDDLHCINKMWYTPAAIPGDSLHDQSEPAF,1.7571769520405842
HQDSHAGGLNWGQDLKYWRKWIEFWQVWGFMFIFMPGFVLSQRDDNRMLY,2.459006159256651
RVQGQSCWFMMWVINKDGATDVVCEALFFKQPPATYIDTNVQMSEVHMSS,1.744017902672506
KIHTMEEFILTGKLIRVFVACLGWMVSIEMLSNDMSDLSHRRLDGVFSPD,2.653393505393344
RYGERVKYESVFPGWNRKHQWYSENVITDELSYCNSLFNDNACMNHAPPC,1.3314174734665505
HPCYHTFMMMTWIYQLHCTAPWQVYQRQFSFPSRFGPSLCPTAEVGNYPC,1.765099551493226
TLWFNVKMELACKVSQECNYFERDTINIYYFGFIVEEFRGSQQSEMWWIL,2.644818342439698
PHNQLKNDPGGWHEFAVTKKLYTPEVVKDHRKKEVTGHLLGGWIKASGIR,0.005322709032398398
NLSRMHIMKHRRSDSRAQMDKGSMVTTDWRLITEICIHKVTANETHDAWC,2.359015119394441
EAMSGMIYAQCGKQIDLVYKKWPATEESSRGFLHHLLRGCIYRVFELWQP,4.691795835290447
LGPMRCRWTYVGRTKNFQITKDHNDKQVMEIVPELINWNCIPADCYIDRC,2.6368848772841353
GAEWHQQLHSEHRTDSCHSKNAQMVFRHQYIEDNVRMMNWTGIRYLRNMV,0.5694671347657119
FNFLQSFMWIWYVNPVRRNKWNFYLHMIHSSQRYKSSFDPITFGCQEDKV,1.1284666211082943
VPQLDHVSTGNWDDVMGWFPFDWTDRTPQSMTFRVSQQPAGMMSDTQCKI,0.8969845608832212
MHCEQPPPFNGQIIHTMLPLQKHHVSISWRRGKRHIVSRDAPNKCKIFPC,3.8636426845226115
DQSGIAYRTVDGTPTSTASGIACRFYRLFDGRVQLEMYHRKRNVGVVGRW,1.1376278306971264
FETLNFHNCYTPFFYNNHGLWSCEKFAMWDAEKSHFPMQTNWFICTCDYV,2.036003031280398
TQAQKFEADYMSMLNFLPWHSGLLMLQRHPMHMQTSAKKLWRSMTWPGRS,1.7892241987531095
EIHTSCTEQIFFFFDGAIPYGVVSITIRLAKTYAKQFGFESSLQPEQKDL,1.8686447126239742
CCKEFCHWGSQNGPRQIYMKNGWDARRFMALYMHTNENDVNWPSIGLLGI,0.7237940973932068
VTLCNYLKSHKGLHVMAWFGHESLRPIPHTEHSCQQIGHHCEPLKRNLWF,1.0658286586522314
MSPESPAERSETMFPNDELKLPANMIQQYTWYTGQVTGFPSKNLPWSTSQ,2.1651225223368007
SRNFMFMCWTWNYFNSACLCLVAFNTWVPDLQILCPFMALPELNQDCWMH,2.249145338772305
HHKNGHESHIIYDKWPHYRWCNIIPALKCWQLLIQPGPDYPWSEDRRVHY,-0.056937545520729715
FILAMDDRTVIPLDYQPDPYKSINNWTRVHPWSMFCASFHKEWYRHVFPD,0.29635626912740487
EYQQAMKVFLRLSEEIGMPWMCDRPLFMQYRPDKIRACKTKAIFMGTVVF,1.527885048762459
FWPHQIDELEVNYYRPNIKYKTAGHKLESNKDKTQFAADKGKEYWFFQLS,1.248816914489157
QVKHVLCPGKYILSRPVGYKVHFMPDAEWVGLHNIPVQMLGPLNAVPEGV,0.7859988787767409
FVFHKDNYQINHKNEFKHQYTARRARCETSVSIGYCWPGGPAKNNEWSNA,0.9254365646293754
KHLPIYLLIYRARTPNDWFDFKGSLSDVMWRMLKDKVNSEAPIGIWNAEP,3.2609521024840484
TWWFMHDMTMRWISRDGDFAQNPQNPGRSKIFRHTSMHMCCGDAYSQTVE,1.781207172805285
RPQQFFPEVGFDYDDYCYVLHYQLYSGTGVLLKRMHVCCPMWYATYVIPE,2.1955705230414337
WDGGGITLFWMLDLCKFTGMFHHELVAQGMQYDSSHIENNLNMMRGMCKM,-1.0822812485351787
AYLWTAATRCMCYKWCSYKYEPRYCYVKYADTMINMPRYTNWYMLTPSYY,-0.42639256985787966
TFKEKSHQQHSVGHWIATWHVGGALIHKAMDVGMFYEILDPTFIWVAEVQ,1.165076547826263
KPTRCGHCPLSKIRHWEKWCHWGRHGAQAGVTCICSECFTCQYHRVPNCN,1.386716264556019
GAARSHQWWPNANERSRIWRVMKAKNCMQCRVQNLQRFCGNCEHSAAQMN,1.747120271810924
NLIYWHQEAIFIIHWEYGNVNVDLHDWPELGAGIRIGWQCHILPYAKLYC,1.800626953854499
YMFVHDSRIYFDFKSQVHRIDMYVRLDRGMMWDPIMMPDGLWNQMLDPVP,2.923702033903058
QHNESWLSFSAFPPDTWFFRLNMADEWYDVDHAWVCNTDNNGLGQCMRIP,3.559741843038101
WLKVHDNRPGIQDSVTVLTSCYEMHTWGLEAHSTFLHPHRTDFLFHHQRF,0.6918952922580035
KNSIKNYHEDAHKCHLCPDPLNDYGDCQRVWLYTTWEMTLTNLLGTWCEV,3.609201502311439
EGQHNCVPPFHNQALKLHSNNWPVDHADQEWGYKMRKMLCQECFQRWGRQ,0.5525926924461527
GMHERAKYINHVAKHQAPYRFFQQQFMWFERHFRQDFNYQFESHDEYGDA,1.574191111381369
DISHVKDVSAYSNGKPNPVWWWGSHHWSTWSSWRDRSYFWLPRNTRERTM,0.9362939122402402
PPYYCLVYFYWCESSTRPAFYANREWSVTMYPKTTFIDGDINECLRPRWV,1.7068124005398282
PYYASIGDYSCCRLAYRASVFFLNLCASVHELLMDQPWLRITGHQINVQA,2.625400694445963
EGIRYAFSGLLFIAFAHRQKIIDYETGCKQATMGAWSVMKGCISIIQAHC,3.7573769987642445
RVEVFSPKFIVDGMQWHLRGYGSKWVFSHWFYMVHVDFPSNHPARNTYFT,2.509487426329461
AEDIKNFKAMHYQDMTVWVGRHFFHNIVVTMRYGNHIEDDLRPWIVFHFW,3.698325210710112
TWEHGQWYMHDYTMRHRTMNPMMKMECEQFTNGNRWLCNNHAVDYFYRLW,1.9854706608264667
WLRLLNIQCTGIADRTHQDVFYRGDVYDIWVRQSDRWICTNWMVPQNRIC,2.9611317569487996
IFCLLEEIGRVIYHYTWCNWFNTFCEGKLMCKYTKIFFGSAKHMRFWGQY,3.487489160883888
LCEYLAQVNWNFEPVNSGHKLFEMWHPPVKPPFNAVTLKYIRPTKMEHYD,1.569020319574334
LDAQPFINGCEFMPIFGRSMHGNEQMNCMPMKSFNDSWTMWVKPGDNKKR,0.6101969558330664
IMTQWFCRWSPHTWHNPPQRCGKRYSCDYIIHMPIKSFQAWTQPIDAWRI,2.3519334010300286
KPNKYMFWVMMGAKHGLFARFYGFTVECIFEQEIDQVNRYYKCARRIDCE,1.6431100160751113
VTWGQFIIVKQQYQTCQNSGVHCPINAKIKFPQETKYRYECPEVSLCQCV,1.0001826689253999
APGTTMGYDQGTDTWVFRDIHVLLWACAKRVVHQVYWFKVPFYRWYMKSM,2.5962709209451114
FMMKMFKALIWSPFVKEQHNHMRHYTFILGCFLDPSRCDYVYYRFMDKHC,2.622664215918158
RNSSSWDYEAIRFYNYYERGFMQMKLGMKFLYQGELMSHVHRWVRVDAAH,2.3665178525219783
TQTGYTYIPSNTVIVMPNRDDGDKMIEYRFHIHIEAFMECTNCKGGVDRH,0.3066818580489603
PLESKLWTAPERLYKIYGLYTFQTMETCAVHGGQNQQNKKCVFNQPDRRD,2.3295568607530273
WIPLCMWKKGLIRGHYTEIPQVTVQMLPYSQDVGYDWDNIFTLTKPLIHC,2.629487155906694
CEKQMHWECWVHMLMKDFAAYFWGDPTDDPCDYSNKSEYVAHYNIIKQYF,0.3320408614072068
LKHVNMLPKSTFGLMCHQEFWYLGCDRLTHCHRDFIEVWIGFFTGPKNLA,2.9583323134370745
MGDGKIRGMLMEPIYRHAKICQNTWGFGDSVQREMFKFHVVYCPPTTGQQ,4.863189123018033
PEVSVCEYTYGVYHPKCIQVAKKCSEPTMCENCAGSCQYNWDWMETTHFW,6.7425916214453725
WKTKQFCRSWANWYRFAMKHCTSSQCWDIWSEIAEHAVEYQIVHDQNRIF,0.48741681745593923
EFLQKVYGMTKDSYERCYTWYSWTEVEDVYFKRKQCVPSGSELWMFVDIM,2.003016292474963
WDNRSFWGNWKVDQFFESPISCIDKMYAAISLCSEWKDMIHAITMHKQFV,3.4028723612267173
PFIREAGWNHPHKAPWAYWVFDCLGWTWPTVMYYPMYWLDGHYFKLQMTM,3.113580576214363
HMPWGCQSHACKVYVVLIICVMMWMLIRIWAYDNSSTSKWAVGGNDMGQV,5.0281889946098115
GQTPPKGGFQQECCTLQWTMHKQEQYYTWTQPQSRWMNMFIGSNGPHINC,1.7363793285423057
KPTPSAHPQTSRTCNDKGGHIDRGMDSGMILLDQWKPKNQFGPPGQMPNS,2.1957838223216033
YSNVKDLMCIYMVYHQHANADCDEQVFRSIIHGHWAPHALPEHGGMKHKG,-0.37621468326634266
WQASKRWLSDWPQHCQTPCFEDQMIKSDLAKSKNASIQQLAGKWSWMMQH,0.14421790255419875
YFAMRLRPRCPNENRPCYSQCTSEMPGTAKVMQCYMCEPGHYDEYDAWPQ,1.093311069149051
SETLHPPQGSKYSNSFMALMRDRMKCNYSSASGQMAYTWCQIGKFFVQNN,2.323604381515559
RRTDLIKDAMPNHCAYDETVTWETCLNPMIYFCNCGWNPTNDISEPIADA,2.3816546679606225
RVYDRFLHIDVTSPEDMCVETGLMFVLKSLLEQIASTLGHVCKFIFRIFF,2.598922876904853
AMRAHWRGYLNPRWTPCVMFECSHIICRFWLKYIFWPQISFAWWTLFHSD,2.0931622406376724
NQYAHVESMVSHDFVTASRPHDPSAASCVVFFIKQPVEVYRHPCKFAWYW,3.037523823136868
PGLMSAWFGGFGPAAQIKLGKVRECGTHYRCNLTVSLIPSINTSKWTINK,3.168954906978926
GLKEMGVENKRKGMHQSRYKWNMIDWDDGMYQCNSDSLYFPNAYMWRVSH,0.6633924296892134
HMTFADSRENATRYYLMVCGSHWNVLHETTEFAWMAIERTVDVHTVYIMD,4.069323748919827
HRLNNWWRFPKLIKGVLRPMCIVDDHVKVAEETCRPKHNNQRAKSKSCLV,2.2386265831632293
PDRDLGQKVIGRQRYGNLWIFLMYQQCTRDDDDVGQDALPKCLNWDWARP,0.7956877355511147
HCYMSQRYWHKEGLDAGFRMYPGFCTNNQHQHKQTTPVWTGNGDRDRADF,0.40468874443492486
CYYHMFVILCDFSLMWSNCMAFQVHFIRFPWCFFGSCFRAWDWRDIRAGT,2.448777558195065
SPADGYDRRMGGKQMGVYRKMCGQQPFKMHCNFCQHFELSGGKASTPGCI,0.4311729346077299
EKHAQCIMFVNYWFHCTPMFPPIMILMAHIGQYHDCVDQVPIERNQYHNK,2.200285816417426
LIYCSVYLGGYPWTCVHQRIKMDYQIDVQYITIFNCTPQKKKYGNLFVHP,0.675444780530684
IKHLICVRGQVDAAQAAENRELMGLNDRSLMSTQSQGLTLLQYTKRHCEY,2.6343287467259975
VMFIYFCFDNWHWEQWVHRANWGPGPRSIPPYYNWTDRTGWNENCHSNSQ,3.083952166671473
LLVHVPMLKRQDQSDICCVHTGLHEMSTGYWYVRCWGNAMWEWGIKLLLE,0.7822221620703862
VNMSWMENTPEGHICKLWASVILMTHDHGDIAFWPMMCKCWNKKLFKVLT,1.4777018877606456
LVFKGSSMRWDSYFKFEPYTYNYYHASHCNMIADIIMFIKTFWWCWRIIA,4.14056737513811
QMHVRLEAQYYKPTYEFVTHLKPVNIVFHRDVGGYATMCKWGHEDCLLTS,3.497837267821002
YYLASMEDPRLGMAYELRARDAGWENCTGNRTAQCEYCQVIYASHGWLGL,3.4130392830837226
WDYDYGTVLGPGNQTIFEGMFQLMDIFYLIKRAFREWLCFVGLRKPVHCS,4.931550351399551
TGLQRNWMAIGNYSVNYCHKVKIAFSQPMYPRSPIVWRLEGIHNVVWEAF,1.6291264265276375
HMMLHSAANSFQVKCNLCREWEKPLQDDYSKQSKFPREQYYHETKEDWKI,0.31619789999754877
WNYGNYECRGVFEMMKDMCKLMDTMTWECQRDYPPVYHSSGGEDADWKQW,0.40608595021735905
WPSISKKDHYVCANSNLKVEIESIHPIHFVWLMIGMSECPHTPLPLHLSD,3.016141012930935
SKGLENLNWWAEPIQSCIPANTHSQLDNISATGARPGPEALEPESKEYIE,1.1098925161903188
KMFKIEYAYPFYLSINDETYPGDQHDGPQRSARHKRQWVKANLHQARAPY,3.5485430150232036
SNENHYDFNNYHNCQSHEYFQKFCFDLILCQENYQSFSEDAEKASDGPTR,1.2233648400580068
NISDEHRMSQPKVDYFCTSYPYMIFCEDCDSYKGRFKGDPRMSRGQMYLS,1.8539015865851516
VRGWIYREVPAIWTLAAFAYPKSIQTEHTSQSCRMPEARNKHDSEQPYWC,1.279113562385544
LWRHRTSTSVTECTTCCRSMCINQQNCQNKIYSLHRKEGNRWCWYYCRNA,-0.07315328029799884
QHMYYMKECCKWRVSCNACQHTRTKPCRYMWQEMSCCKEIVRCMTHILDP,1.5364860589600156
TPWKSFKKGLVMRHQIWRWVTDDHLTRITDEIPAVMGSWTVMQNYHTFQP,1.400452464450792
KEWAPGATDTCHAREGPPYACGMVPNYHYHHCMAPNPHNTIDHWYIQQCG,2.309867647888319
SKRWRNKSGYRPLQDNASLKVALHLNMKFEYPISATRRVGCFWHKCHQRN,2.638638949687134
KNLKHNSRHIHMEVWHPKVHYSFHGCHKPTTRVRMNTNHHLSMSCCVFQI,-1.2701679333715468
GKGTIDNPVMCQARVVTAQYSEGSYGRAHMAIQFPRKIWTWVVECFTHSA,3.979934331652067
RNEGGRDCFIWSWSGAVIFNVFPNSQMKLSWLEIMGEFVDHNDTDMGMET,3.2915334137979286
ANDSDQTWHMSWFALVLAPENSWNGSNLFWNIEHFMTDCWCQASRVCMTP,3.122350688996433
LNTQWPDIFNASNTKPEERLGDRGMCCAMFGDYFYKWFNNSHQKRMEMKG,0.3476876880781974
TKGGEYMDVSSNQKHQYYLMHWWMGIAIFLCECRYLCGQFCQPCKDRDNG,2.4111808267879073
WTSIWIYRIDSDAIKNVTIYMHQLRNYTIQRMNYSYVLWVAEHAITIFAR,2.799324614227477
EHQNDYVICGHHPAIPYWTPSRMNDKQHMLDWCTCSTLEMTNLSEDKGNA,2.1132002168871673
WEDGKLKTLGSTMYHELQTQYPCKDENRYIVFCKQAYETLCGWKWWKDGG,2.7410228168215247
TPPHKVAYPIKAKYMYESQYVKADYADQQPARYHSYARYRWGGASVPNVL,-0.5240178827606359
MVNTDAAGWEPNIYHHHQVWYWVGSDCRYMWVMDEGNENECNPSEIFQRM,5.034933113722694
LLGSEKLFLSMGHNPTKISDFPVSQMVINWYCKKQRMPFGFAVITMMDII,1.5518420627014093
DLWQVDYQMLQASGVSWSFNGCSMNMYWIVFNLRFTENVIYTIPDDHVHC,1.973070799928528
HCHQRSISHMEVPTNVLHNNPAHSSSSQMWMCHKKQLSVACYECEGEVFM,1.4251765535878367
MMCRICIYRSPTQQAADRFFEQYHRMQGLHLQFAWIWTWSEIEPHAKEQK,1.7438982418516544
DRFAMWFTWTFYKGPMATGDSPNMCWIPQRTRLANKFRDWHHHCCNFEHS,0.725728031206675
KYINHQSALMHVWQTWPDCKHQFYRYAYHFEMWGYVFYRYGETRVGYWNK,1.2903125800620305
IRACDWLQWMGWQICVEDCEVMKIIFPHFPYSQFWEMCPSKSHSPFRHVY,1.0908384389360273
LLMISSTGVTNRHQETMGLRGSNWSQGKAIHQIMKWHGVFWMFKIMGRGM,3.282015569708868
RNKLRTSITMMGCAYGFKFVWRRKQFTRYTKPPFQHFNDKLAQALMYCCM,1.4148983763193366
SSLGYYYMIYAGIQDCAMGIHGVNIWFWKNRPPFCWIQGHQGSEHSEHCI,3.2737330683330317
LCGEAGNQRVTKRVVFSKDNQAKKYPIMQSMWLIMIYLTMNLYTDHDTIW,0.619651646266062
VMNINAVCNWHHAVILARRELIQPTHGKYYIQYDPKKMGNEETHGYIHIK,1.28498619820343
ADVWMSVGCEFQAQPSEGKATEGSHFKWAIYETACQCAPIKYCTGDYTGI,2.8216615832788827
RIMSDRPMQHWRGYHQEKHRDFTAASQMQIWCLFRACWTRVIQIIWPFLH,0.8190092449202007
KQGLAMIGTEGRLTLFWHWLWMDMGGRDMIISDIIPALFFTQGQNYAFVQ,1.5679817365249737
KRSKHHTMGQRIEAGAFWFFTNHRWPNWPGAGPPPYEFPKTDYVRAKGVA,1.3199426788155346
HLGHGICKKHKTDSSCMSRATDWYHMVQSGCMMLETLKPMLFDEDLPFPA,1.7470626131841425
DTWPSVYWGHRFSGDNEDSSWRKYCGQKLVREFGRYCSFEAILRCWNLNY,1.699598232759611
KICHEWIPDFYICLSEQDLPFTTMWVTMRINTFEMISSDNPAEGFFLWVC,3.317196164341796
KFFKKCHAYCNGYWSEVFVGQYTVLWVEYRGGDKMFQCWIPWFREEVWYK,1.8882568479784352
RNEDFTFEHHHTRHRYECPNLWRTGFPQQRSLAMHTEHDYQVVAGKCIYE,0.9462415394212
AMKWMEFTVFVTDMTIICHYGYVHVNHHALLNDDPPGDRKGGIMWSKMSG,2.062234335465137
TSYVAVILCKEMLQHWGSWWPNRIEYISSCTFFNHFETGQKEMYSSSGRD,1.3439649452677653
GFVNHCHKYIKLNCLDATAFQGKQEAGHGAINMCCCIHSKSCDCWTYNMY,1.018371197032318
WGLQARGPQPSAQPLLEQNGRFLKLNEEPQNPYPCWKLTLYPYACTPTPT,0.33830838497415006
FVDSWVYFIGRDKMYQKLRVWHWFVANGPTKANAEHYFYFHTNRDTQRRR,1.0892145013985348
WMVLKDAMSDKMTAKDLFMFNQNWKHSHQIVDCFIWKCRILHWACDQRQI,0.2803643294431426
YAKKMWGHRYGKRGHTGKDQGESSKEIIGIGQQVPRDGYTYSGIPPYTDP,2.120314605998081
HYFMVEYHELATFTDKDDKFLRNGHHEPRVVHLSIWMGLWQYGEYRFSHC,2.671521765102301
KYFDCQIYNTSGGVCIQCTSVGTVQLEVMSEWGIVWVSHTDRESQTKHQN,0.8959131708698258
TKNNILNFYAKRCEEDSIHNNERGDHGAIASDCGIHHWVDMMDALCTKVY,-0.48354255995801854
TQVVNVIIIYRIQPITWGTEHTVGLVHQQLKLCDSLMLNQKPGMARHMTF,4.228632220314836
KSMTGRDKNWVSIWFNGNRLTHHMCCQVSMKHESQMIMYTWLNACVHSPE,1.2209265558128306
PSPNRSIGICVMTLCWYYYCGTNFCKCYQRCVNHSWDRRHIHDWWVHWFP,1.8428229141196826
CVEEIMAKGEGPKQNEITFDEISMCIHACPMDCSAHDSGQMWAPYKMAPY,0.3421759933667061
TFGTLMPLQPEYTVMLVWKFAFDAWGLFNNTCQNPFFTFWEHTMGPNFLM,3.0221409737006395
KPDTVFSSMEKRNSEDECWHCAVIILVMAHIQWIWELLEIHRILHWDKSQ,4.059403566969475
SDAGCHIPSLEPTIIHARRWEGLNEGQPDRDFPRTGVDKIYMMIACYECC,1.0114916622275154
PYGERDETGCYPRFWGTACAIEVKRSDAPQGFFENQQMLLKCQHTYIYEF,1.9594613180912295
GWDKRIRAIELSVEIELYESNLMCSWNETNSDCHGARNPIKAFHVILINS,2.0913684450393424
NDVFQYSGSYQYFQMKYHFRPNRWWLTSFELGMMSQWEFWTVIEVMQPSN,3.332509819822543
TVHDRSTPDYYFKVMMSICLGEFMNSYQQYYRIFKSDNHTRRNCIFDASL,2.5088695027671406
LMNIFKMRTMPTHKVVLNVKKLAMQLQWLTCQVCYWIGYHPCHAGSIPVQ,1.64591605302541
RMCVERNDESGCKNNQTKNLMCSAACNYVNAMCNCTGSWGHWYTGRKCFF,2.4552636359067366
NLENRLVFPEKVDMEKNLLKLKASQPGQIVYANMPEGPPGEDRMCTCAFY,0.9362304988119857
HDSSNKQNSTNETATMWVYCKKNPSPQHCNTFYLVDPPLCSEWFHKFICY,1.5453095561647707
YHERVCQLFNLVGNAHNHKYRNPELDFEWRHDSRVDQAHCLSNVGTIKWC,3.249174430076065
LRHGNDSYKLPIGDNKKMGCHKWVNMLDNELCNMQRQNCCAYRLYAAAMN,1.903600873557206
RQAAGDQGIYRTKSASWKTGQVQHLSHYGGHTICWHNYDEMNWWMPAGSC,2.969754682727805
TYVWRCEAIYQMQSLHSENNCGYRRSDANRWGWTKPRSPCCMSTDAVQKK,1.9683281208536387
NDCAKPSWLFQRDKAAWGMVQSALLPADQSYGAYFINAPKYIPCRQWKWQ,1.0387072530523984
EIEAIHMSTFHLPYRGCEQRQEGHPTTEWYPKCYVYTHTLQNNTWQTRGW,0.3597406393796695
YGGEAWMHCEGFKMVYTPTLVTNRWRPHMIYSMFHSSYTWRRYRDNGYFM,2.358027378760471
WGWRNNCKDAQPFHQSVQAGLGCHTQHKWMDEFEPKQSGLPDMDHLAEIY,0.2516121878729478
TFTKIHFEDIFFTRIHTNEYVELDFNFFEGLGASMGYVGTNTVLYNELFE,3.7708822076604402
HLHQLYMQNEPDPYWRWYEGREGCEVRNINKHIYLMCEKIFQCTICRCMQ,1.574056039343021
LHQPCLAADMWKPEYGCKVEAAYTWDTDEPRNDIAVPHPTPPMQLIGWWN,2.2200427356858063
DKGALITDDDHMVFCQAEQRYYTDEVAFVPQYDGMKYWHLHFETFTTTAC,1.100489943532116
WKYRWFPEPGNKRRTFFFQCKQREGQFMQHQPVCKMYMGAFQSKWYIISV,3.0149370453402957
FCQVPNRRAHPVAMPYKSMDTCKKSATLYFIPFEIHFLTGLSLECADPNA,1.0273080640859908
LGKANFACQCFLYGFCKLIGFVYVCNIEYEKKNQDGRWEAKSKNQRSILQ,2.487357308865497
SQQSIVHDGYSEWCECHRTQMTFQTYCHEIALAAETFQGHIVEDESPMMF,0.2706878147479661
YAQYWFYGWNQTHATGEQIVYPISFDPREDCEGETHVLTEWHPDIMSYWK,1.0220956174144644
YIGIQIMLLMARFQYITEEVWDKHCKGGSCSDSNDMMSFYIMMVWLELQG,1.2039848185804056
FRFGWYTQMQFPNWLPRYPEKWYHRTQQKSCQEDDMFSWKMNIQTYRRNK,1.2062108116116512
GIMDSGKKGFADDNESMIKQRWKTKDSPTEKKVQYDEAVELETIWKSRYS,2.0106168652329255
NVHSWGGGRCKIHSRKYRCYQMDCVQFNQGIHHNHNSHIAPWAVHTRWET,0.6619518306568194
YRKPHWMITEEVTDKGCNRKCNSHAHDYFDRGRDACEQQLMERYEYYSCP,1.4841283214591972
IPYIEFGWLDPKTLNPLWWTFIFREPTFARLMVPYSWNQCLEATMHTTKL,0.07390422410078479
HWEYTKMAHFFAGPRETPMEHWHQSKCSFNYRDKHEKRHMWMAPPCTWRW,0.26661440764432953
LLKWMGCLRFVHDSTCSYAQSKTIKCPAHVFHNTFNWPSWLNHQLIRSIE,1.1587949653618321
MPGQHNALASHYGVYESAYCSKRSKHLHPCNPDMIMVHNGLYRYRWGWRY,2.9913917861159844
YVCHFDGGAWNFHYIWGRGKESLAMTVYYRGSCDTIYRPWANVVDVTMFH,2.2532745702718056
HVCGITETSRRITWAPGLANWRFCWQKAPTCQYGGVWKRHGFWYAHVINL,1.6151589087039941
GSWVPYHHSLRQNRIHKQHNQMWGDGKCGQWEQLGMPVYQYYMFIENGIE,1.2861721855376007
FDRCCIQKFNLAWMTDATGPYEFRQWRNVQLIEVIEMFLGEVTHKDKEWK,3.252279945515892
YGMRGYLVSEYPFYWVYTSAAYQCRDPWAPRSMDIGFRKFLGMEYNYGAV,1.8401403948467356
ECTIFLSCWHCPESLTQNPYITVLPCTGNPERSWRGYGFCYCFDGMFVQL,2.1438921596060783
DSSMEMISIKQISCYWYYWWVPTAFYPGLKGAVHLNRTDRAMGSNRVLNY,4.36377569832993
VWNACDNQHENIAFARPPERNISNGRHFRNMEPVIHSDSSHPPWVHYVVE,1.0293988615116847
KSEIDKINQLTMLPCAASLLHHAPFDPNVFFCGHADYCLMPSYMVMAVYF,4.107055134799053
HMMPEAVNLIDHYMHHKDMTIYCYASEKIAIFAHRHAKANHKFNCVKALQ,2.964148665896217
QHNGPICLGSLRYLMCLNMREFAALEPQWFMIAFVPFHNCPQGSLMARSL,2.9660091050131574
SGKAGVPCWCEELTSIGCRMSEMQIGWEEGMACKSGKWFLHCYEIDCKME,0.3233237715104602
KGADHKIPVWKYGNEKLDTHIMPDWQSRCGHKKTDECALDLKTRDDEETG,-0.16423398184438764
HPGDQQLFCGMVMRDCHFPIKILCLMMFQDYCVAATGPAGIPCIAPALFY,3.5226252762759254
PFLDCCFECKKKEIVKDGWFTWDIKIQLTDDDETQCNFCNKKYAHVLRKM,0.3628851218020166
FVALPIPYCNPIRHHTWDHNQCHSKANCVQNVFHEPSSWEYYAPYYKLGH,1.2803614731390873
STAKQREIREWDICIITSSSHRTDAIHVFRHLSCVRWYQCVKASNNWLYF,3.792067788169606
RQMPHCDYIAEPQKDQETRNQWLFTTDSKTYNCYSGCKFVVLLLVSGNEY,0.06908259117412041
SMAFTMQKLECGDPNVGLGFRRNKPSCTKWGERVNNYTHYFNTCECQQPT,2.2817724352488407
DSWGGVKVGKVSPMITKGAAPHLVGPFRNMIFIFLRGVDKLHWCIHFEML,2.1241016057411235
AEGVPPAEEVVVRVRTFMSYCTAVTVWFPGPVEKDIPMLMDQQWEACGPQ,0.01856283823339444
IVQCNARMVTDRPDPKLACQFLWIPKVEIFGYFAWEAWEQQKWMSWEKTR,2.752811979193001
IPACLPMQSGCFWHTFNWVNDERRMCVDVQGCAILYVYMVSFHCMPYSQH,3.702383501987924
PFLQKTDNNMEILQANFQETPDMMFGELLNVRVDDATLGMQTHEMWKIYE,1.620863304885419
SGGWCMVKSMQIPLNDCMVEIMRCWRPCDQYPSNAGPCVTWRIKIIMVTG,2.1298565494822603
LISQSQHVYKESMKTMYDMILGTGHPGDPLEFWVHATYYVFGLWLGLLNE,2.115113988641565
PLSWGKQLIDTWDQGWVNRGNWHYLVCPREHDSKTIVPCASSMEMGMAKH,1.5297128742581996
KCLTAVGGKLREIEDEAKMWYHFCWDRHFLKQPASYITGCPIKPVVKCEV,0.7993121202464755
TNSPMQLWTKQFDIVDCMFHQWCKLWTHVGKIKACEYVLALKPRVPFCHK,1.252999359663649
YMFNKTIINWLCIQWEKPKPSAIKPTKHYLFTCKCLNCRDCHKMSHPDMD,0.7722580049916505
RIHFGWDMGQTDEKPGLYYPQNPLHFNCIIWFILPKHYYWMISLGLLWEW,1.686972834277341
GSKNNQCLEGPQELLFENQHCQLSDITEWRYLLNKRVYADIHRIRFNNKK,-0.11408202923609068
RRYNFAWMVGTQNFHSKREYHQEEQHRNQPWNSSARFGTMEVYQKDDMYF,3.4221094572335486
EDCEEHCMFPEKHPLHVVCAPCEKIVSEEVCMYEQTIAWWHAALPFNDWE,3.0358675163955247
RPMCKNEWLMHPKNCAHASEITWEEILSWAFCSPGEHCLQIDDCTWLNMK,1.9386551585660277
QMFCHTGQEDMAQGTTMHPIIKHKMCVDVSIIGCSKWRCRMYNRSGDGDP,1.3855630736322868
NICHTHAERENSVQQMSRGPTENVINEICENLRKKHCHKVNHWSIWGCCI,1.4705032781658458
YDSDIWNVPMPDGDAQYHKALPNEHLHRWHQQVLDGKQIADGAVLTAINW,3.1564429737963824
QWTSWFWEFFAVRWQGVIFIGLDPHEPGSAPCYWGMTKFFSEYPTKPSYL,4.46934473848053
YAMPVFEGRCEQEVYSKIMQTPIQMKIQRANFQSWSHDIQYDMQCEFWLC,0.9384133528867991
DRWCDNQTSTKDQDGWPFANRWCDHMLICQPHKHAAGASDPETLEYNPES,0.4861087265162449
CAQYFRLCMSWELNCCKNCVSWRSGRNNLRELWQLTMVCMIWSEQTMDEP,3.1004115863977963
TYYLNIDLHLHVYQNIHFARKNVMLLVAYMCMCKAGCRAVEPERCKNQYE,0.8592490209311834
LNNIEDAVYQTGGLWLDAVRYEVLWTLEFHWWIAIWTKYSKWSPWFCENV,2.737957779161456
DWEESMPMHQEINPKKCDNTEQKIAPDQWGEYALPNMETRDLQWEQGNCT,2.7205631403055497
VEHASTIGCLTWEPWSPFNHKFELSMKFMKTMGSWQDLECPMNAKNHTLG,1.7394453828364451
HWQMCALNKMAYLWMDSLCWESGMTREIVQCSRGKNLHFINALMYFPVLT,1.6949952848864913
SHNENNENIDSCGTNKSHIHFHVVSHCTICVWYKNWIILVRMQRQNEDNH,0.5645104271238522
HWQAHLVPIKRIADWKWRQADCAVAKHPTPPLGFLQMFEDQPFNLCHHEN,3.3764168987949867
EHYPIQDCLGHSGSNRDSVRGTCCTWFEVIKVMSSEKPYIMKVYDVWKVS,0.923679741442676
QWRENHMHYDECYRYNTVIIFKYYFLAESVNYRVFQHMRMHYYEACEFCC,2.0013933961161396
QDVLGCYMVQYPHYLWPCYNIVCSISIPGACHPEKWYDCSLNVCQNYIHP,1.2058574304247236
RQFIVFKLTDAHRWIMCYCMYTLFDKYCWTNYKEVSLNMFYMSRGPSDVA,0.6501799940940052
GKEHMDSGHNHWSVLAIDSDCNIWVYRTVVKFMELEDSMKALNCRYSCPV,1.5997441258697538
WMQDKFQHNVMKMVCYPRIFFHNYNKEIWAMPVYLPNPCDTWNSYYLRIW,2.1078039575286196
PTALFMLGRKIGGTNHFSGIDIHTWYQGHFWHKNRRSYRFNEDAPFNCGF,2.7293376791865165
VFVSTCTLDQWNAHHPKFEFYNIPEYMRQVYAAMYGFPLGEEHSAKWYRK,0.7396700691560287
AASFKAWSDENHRRFCNWFDGPYREYHVHNMNRIMVLIGDYNTDYVNSLW,1.6342577728808414
KQYQERYCVCVILYELLDELHNHPIPASWWPHRGEYMWCTRYVNDTQGEI,0.3940228212849515
IPWRHDWLSQIMWCFMHITNVHKWQWYVREPFNTLNGYYNPTYLWFFITD,3.595838599884062
SWGLSPDIYIHMYDHMTVKPRWRHDIPSDADSAVQHDSGVPCNEKYFLGA,2.2053733942869034
WMRCRHTNNFYHCPKRRAYDAWYPRPVTARECWISILSFWGLFWWPRIMA,3.6700508974701123
EPHHGINVRSALRPWPKSQKVENFMFWHEIGGEQDLGVLKSYEMNWLHHV,1.1138644121432906
QYCKLGTRAPLNSCDIYRWVAWCFVSLDLPLMHCWVMTDYNCAKWIKHES,1.8458158476238535
GVCMFTFDWIMDDAPLGMIWMGNVDPEKSNYHNIRCMFGWQHNTEYLAEP,1.9252625341436542
GCKPVNEHNMHLKCFLQSCWKQRWIRIEGMNKVTDPGQAEVMMIECALTH,0.08765316006621027
HPAAPAGLAFCDDVIKCCSHEFALPRAVQVNNFHPKGHVRIYSTDPKYRS,3.2745761520361274
RLLEQIGNIGRWQDVLQQHHMVLRNTTAGRWQLLHHQRYKRKHMFKGHQW,1.7300663876451925
MHGEQDTRAMPDPVKCICADTHLWKVRTTWKGWIGTGPCNHGTIGWKYSV,3.6133221300196112
PAMCDPHCCDPNAVFWLGVRQSEWIAYPKARRQFTGKYWTHIRGAKHYWE,2.4512814535905827
AKCSCDQPTLDEFMGAWHLNNAKTNCKNENVDAVIWESTKIYWHNATGFY,1.8062714605443004
NFCETIYFTYEVVVSMINVVISTCRHACESNTESHIKQKREDLEVMWWVP,1.1197046247044593
EDSQLGISLHWVPIQKNGYNWNHRSEGSRCDRINCRIMTAYRCLYGDPRG,1.2411961456292389
KVKFPNKWYAMFHPGPGRIMLKEQERLQGSNEAEPHRGQVEADPVEEMQH,2.2406739143357246
DHINHSTETVETRTPDNTHHMSESFWQHKPSEHDYRQHVFYIYVWYDGVR,0.18960728708850805
IMMNSHDCDIYIEPTVFNCLHRHRSARDLSCTAEMTCAGMEMFLFDGPSH,1.5885084212452008
VDGLSPKSMKLMRPTEMAADRASTKFGRKDWPPDYQCLKPMCSFAISQCV,1.0558422817791002
CTMCWFTSPPPFFYWHMAHDPDGREFDWSTKKQMLFEMGCDVVHPPGDLF,2.569425639166344
MELEPIGMCVVNTWTETSKMNMPIQVQSRYHIGPTIMTKCLQCFTIVINQ,3.048654907081387
QEAKQLVLHIQEMLTFLLHTYNFFEHCALAPTKEKHCVRLTHMHMRWWLS,3.0659069098895992
YIACLLLKVCFMGIILMWQMDADKANNGIDMMFHWHLIQAPGGFDNRDSV,2.5276294312750305
FLFIGSNTIETDVSCPADACWDAKIFARTRIDKYQGYENDDTGRMVDTMG,1.3299753345303496
FLCRMQQDSQLINFPNDTYFGPGPRCMSVCLPIHSTKIYFFPSMRTRNEE,0.9265024165587589
YIMTDHNAMFGQTDEAEQHHACDVMNQKLPDKCIHKPHHACTLRSPIKAE,2.282266204088306
VADLCVCPKCCFQDQAKSTIRIHKCLFSAGLLWPWDPEINTACKAWTFRY,4.557637634581983
TVIWYNTWAMLSFTKILIDNEVKECHVCCLDWCDKMMDFNRTSTRPCTAL,2.2612371926602126
ELNDAWAWEPQQDWMKGEFKARMATRQKEKFDVKEHASGGQFMAYLAEIA,2.4362330864003865
TKGAKAQMINGTMLINEPDYEIFCIFSRWPMSVRGIESMYCEQMEDFGKE,1.899762168767399
HPLNLMMGGYGNQVWLLHLQFMHYVMYDHEWVMQLQENNCGFWRLHWIRE,2.800040000185632
MSYVRAIEKWHRDNCWHMWIPKCVRMRVQWPSCCTYVLNDGYFIVSQGMG,3.2590701303095466
FRGSVADYDHQVRPWCHPEGVWRDYTSPYIQEHLRSICTGSCVMNFCVGA,2.1972645451605644
IQEHYILVVWEPGPSYLKHTYHCWACFVGGSSDDEGDKDGYKRKFSDKTD,2.1641409491973382
HHGYIERGSFNQGDWLHPAATEQGQRAYSECAPSIECPFYPFSGSPMAED,2.898922114192076
PHRRFTMPLRCMMAITIPFGYQTSKWCEYKEFGYAPVDYFPLDMARERHR,3.4430782950379646
EDQGAKNVDWDQEPPCCLMRDQVWWAWDYITAGTAPNFYPINKTQHEHTT,2.6554784385041716
KFAHCDEDWNREASGTFPNANCVKSYRLCEVWVQIFFIMHPTWDCGWREW,0.5573285751233388
HYQHYQFRNTFWLNCTFRYPYMVKSRENPKRVYHNLHQREIWWFDLRCLS,1.5660613443247837
NCPYWHDGACAEFCSIRMLDMTLTQAKREYDYHDRLSTWAAQCCYLRRHI,-0.009505127657986723
MSHYKWAVIIIQCDHDRMCVQVCEQHRGFYVMINVRIERMACISADVSYY,2.0211949869583483
ECPPYHHTLNSCKNTSFWTDTRWRVNNDMLRMAYEIYPTRADTEIRIQGR,3.3928569240854625
YKFPHTIFHIHNGEDFWIFPLGAMYKSRFRARESHICNCQWYGWTDYLPY,0.6313719693534583
VWTIVHMDCWMIMCNKGNVFTSNCSAYCPSAWEYDCNPVFNWAKAVDGEN,0.6219526772461497
NFPNEGWGGMQDIESVHMIYGSFGGCHKRQPFTFDKKEYMTQLFTSALNV,-0.37060282067964145
NYGIQFESGDEIQHEWMRSGNILMKTQDKYVTFYGDSRIKEPDHSTTWYT,1.5376563380519288
CFSMGMAWDIVPAYTFNMVIPCSNIEQKMSGNWSPENETQTAYACTANPQ,2.9175642090015543
VHWRHQKFASFIWYNIIGYKCVAMRNDWYWLSGKISIVFYNGCESQTWEV,2.694459035775856
NCGGDINDCAVVIQPRRPEEFDNYNYHHANDRKYKQDIGNCDQTDERHWQ,-0.3604596934360099
LHYTNMLIRVPSPEMWILNYMYEWYLRPPVHQFKTFSKTVDFTYEEHICL,2.79139199497978
FTHCGLKFDMLSYWAMRHISVMASEGMGLGLFKHTNMGMMQSCCFQLLVY,4.516751360162695
CQAHEKDFLLETTWGAQPDCHNCMSFTDQSTWEYYKMFMPCCLPFMRFYF,1.946524298106033
HLCAYAERRGGAHFTHEDNRYKNFIRHWPAMPCWMAAIPICIQCPFAKYL,3.803375315389772
GMEAAVFSCKCFYTWLIYMPPKFVIYQCSAPVAHELIDHSYLPAHLNQMT,4.49495852728019
KILEFVGLVMFDVEITLWACMRAKIALTVSCTEHKDYFVTHQRQKSWAIV,2.0283641730821245
AWMGWQWPNLWMNHITDGNRHGNNEKTCFLGGFIDQFRKRWSIRMELLCI,2.1076135391431157
IKCQYCEDQSRHVYGSMCCQKNDFKDVCEPTKWQPFVRMWFHCWSDLNCI,1.3376654756622526
NFPFRFFESVLYDLPDEPQENSLYTHENLCQILGCQMCEGEFGKSMMLAT,2.1165918665041685
ISGQCKEWTACTCDEPNFQGASGPPMSQMFLRHDMKLEYVQKYSCHFTME,2.237941112544958
LDGIFILWEGDEEFRSGVNYHNQPMMCQRANQVDNFDHSYTIRYRIMLVK,3.934318789503835
SAGCPGKQHFHDPNGCRRVTDDKLNAEFTFERLFQPWINYWWGILTAWNC,1.4988676198869302
QNSVICMALVSCTSWFGTSSHSKGSKEGQDTMIIERSMHVGEFDGQAYQG,1.270356998623027
DTQWHMHPQMINRLCPLTLGYATAFRATQPMNGMCVNRKIVSLNYNLQER,2.8566263312086235
YKLYPGETQDAVCISEWYLTTHKHDNETDMICQESQHLNIMYPNHNLHWH,0.5724471254134147
VNEAFLHYHPQFCQIYCIYFNHPRLESHPENYCFIECGDQLMFSKSKTNR,-0.18156905578528315
VLMALDGTNMTDKVGDGMMHPPHQCDEIAKTVHDSIFTWVFHVPMFRHFH,2.9008819641687027
TKGKTCYPTYGWGCPYLKPHVQEINISALHQTWFWDAIKFATQTKDDPYF,2.108700524594843
TKERVRVHRFMQIELHAYNPSQPFQPQNYRWMRNWSEVKSHWMTFNWCAE,1.1938444379091382
MVSLNCALLLCYDAVMNAGSYDTSMSNAMGWNCLWRIMSPPFNLWTARSY,6.102500359590584
TTCKEHFWEVDEQQTKWDRAWEQVNGLESADHDRGSTCLMGVRSPSCYNQ,1.4529916758214172
IGQRYDHSCTMDIWVHSQIPDCPDACLMDIRFIVVNEICYDINCTQQGIL,2.7927390145016844
HPSNWGHTWFDVTMKTWPGEVNEFNVTLGTICNDYHATILTSLRSVEHNN,1.5515357456108012
ANHRCAEITVFGNSKRINQTQYFPGQGDSNQCVHFNTNMAKIQEMTIAVF,1.2364271538288762
IIKVHLSDLIVENFEWWFRNPGTYLQRLGSCLFKWWKSWYEFVIPKLEWE,1.6541119455659876
PTMCFPDWWSSDKWAQMVYHGNCPYARYIVRICMIPAVFANFSVCRMLDP,3.5187609748391395
EQTARCVHPDDPESIISCKPNCKAGCDRHPSPNTMHPLLPWTYHETEVYI,1.0231722989885341
ISRVWGKSKYTERMQTPKSIQRHMDHFKYWPWSCADNGCSFNEQTNPTYR,1.3597450485123146
GTNKCSSAMDCQAGHCCRFPWWRADVTIMYIGGGCLLKDCEIKCSGIDMY,2.8386804413307316
FNMFYYDKVNEHYMCNKGHGVPKWEEPMCGNIFYKEKNETYCPRIGKMNC,0.6433868456253757
VMGKQWGYWLQFNWCRGIQDGMKTWCILDLCHANFKNMNDNAGMCIMNWY,2.3132392529203085
KMVKRVIEPRISMPHVICDLHHEIWNLQNYEWHAIMAAEEMALEHCPWEG,1.4505502089582887
KCYGVRSALLGEQTDCVTPWLETSWQYRWDYYSHVIQVAYGPAWHSQCHY,0.19693714204676005
YRQATSFDYWCQWPPGKYALDGSYGNDVDFWVILWLCLVEDTTNTPKARW,2.0147148887571253
EHIAAFIADTDAEKPFQWQEEKCLVHQRLFIFFQAFWNRDANPQLYQQPD,3.5070578975471167
WYLNCAEITQQWEYSWWPHQLQYMMRITGQKDNERPVQPKFWIPKTFKMC,0.051440116439050554
CDTVTQMQFGWMCLPCQTKIIHSWTAPSGRNIAMRASHACIMPFVWDAFW,2.6737347745357303
KHNQSPVLGDEAMTFNYHESRQCLYCFPLPQVYIFYNSYWHEWLISELWS,2.2372882192187524
CMYPDTLIGQWAMQPNGEKHHPCCRSCYFCYHFMITQFEDHMAVASPGGQ,1.0122821801325244
FIVGFLVPYGEPVPPHFDGINCMYDLIIQERLVRWDCPPKDCQSQECSIA,1.7996506931403533
NFDISVNNELKEAFDMPMGEHDLFWVTAFTKMHHCQSFVENWPGMRTCPA,2.151999986046044
ERSMDNNMSPNLMVFYPTNTAISRWLCEEYNTEISRQWMPIKCYCIVHMY,2.1732993927623654
SLTLGQRECWPNPRCIDAMKTHEPFNYFMCELHNISCDTRVLCTSHWSAE,2.5329750580865635
PLMWRMDCMLDFRETAANLKKYYQWLDYTDNRFRYSKIMKSQRQLPAKTT,1.598817702673
PLYHHKSRDPMIGLTYKQYPAWKTRYFEERFTHGRYQLGLYKPQAAWKFT,0.689621051514999
SNFGYMWGLRVHDSPTEWENETVGWFCMPFIMEVRFNEEYKKQIAMETTW,1.7486157937506797
YNYQKNTSNLCDFSPVCAKVFDFNIIHCAAITFQIYVHQQGDQQDLKHHH,0.9875138905145522
NEYPDYKYPAGYITVENSVLECRKRFWDTPDEVDQSNMCAPVVPEARTGF,-0.07549221101810666
FDDNVKTTYVDVRADHLKKIGASLMNDGIPWIPEDYDNFGVYQFMKTNAA,1.524278993623238
EVTNYNFAWHRQDFGMWCNQKYSTTCLMDCEIWYVACILWHTDRETMGTL,2.0262038419953217
WVAAKQDNTTCGANESYMYYLICIAHQETCCIHIYTTHFRCMTPEVQWDE,1.4096510762349967
KQTCQSWSMQHFITQLNFINEPTFGKFCDMLDKISCLQFAPEKSWQYILY,0.6600683750528273
RILGRRLWEGRGVMNIQEVGGWCEFRDSPNKMIHECWNDWDWWHQEGQIV,2.994768254129671
RWVRNVFRKIIDPPNRQACEPLPAMVKGPFLFLFYMFFTFAPEIYGRRSK,0.8924303412464978
SHDLSNKSKHMTLRLCSHRTPWIKWTLQNYHKVHEIVRHIAMLFCCWSMQ,2.364657448001869
FEWLKVFTVAQQQAEHNPRYCQNPQDPISGMRWCMYYKETISALHRASCD,3.271637446331005
HYWIHELLRVLKKSTSGFHPIALYYAYQRGYCHYWFIDPGQHMKLYTIGM,3.3802955080685875
DGTHGPQWIPYKFMHGNNGEPNRIPMMMWTAPYKMKTHICQLKANQWMKT,0.3678153220714384
YLLTQFDMWYWQRDDKMRTNTKPIGHALRQEEKRNKDRMGRHWQEAPMVK,5.179117331549446
MGSFAQWGNHLLPHWARQPHNIRTNPILHCSEGHWELEYFQMCKNARGTR,2.1195428884800043
KDRTCEQMNSNCHDDPHFFYGPHCKWCPISAMIYAHKCWGFPLAVQNGQT,-1.1271656040165932
HDTLDSGEYKHSGNDNYQQKEYRHYWGWHAHDGGMCGVQNKPYAIKTPEG,0.481631451947575
ITTRACYLSEISHFIDDVEERRECDLAVFKYGWKVRRQDIWMERLYMKTK,2.900020568722985
KKCPAGGSNRHCNYCEDCVDLNEYHYWIDRIVQWEDKLIYCAESFVQPSR,1.2390785835083187
VMARLEGCTNFWGTWYDIFFTWWLDPSNTCSMANGWFDVVNVLEYWEMDR,2.720002249321185
SNVGRCNLEIRWSPRQRNMDQCVDKMDFKLGGMTCKVFGEKFEKVMSCSW,2.769226298282212
KPFCDIGFEYSINFFPMMWHTFGVVKVWTKAYVPIQDEMHFCGYFRMFVI,2.2338777257352898
MTQCHVARATHSCRYMCMSCWSIYFIQQVFLRPKKWKFGLLGAYPIPGWN,3.95917584000946
MKWMGRTNCEDCWFTSSNETWCFAQKTNYNRSVQNMRITIELGGTIPRER,4.554785262224207
QMYTLGGAFEMTHYDCIFFLNTQFFGRFIADWRECTNYIFLWKSARCQSL,1.3246753871421078
RAVHLKWMEANATYKIEILVRWYMEKISPFPWCNKAQHTQTCKRSKERLH,1.509924332545185
GRCRVQVDYQGQCSSTSSIGVQSIVQTISLLVVKASLRFTKGCPVYELMP,0.40105173946461004
TMEQDNESHYWVKMWTVGDQKDCWGDKVHCAFDHGAWYQLCMSTFVSLGI,2.391855477310238
GEFGRGWYIPETQVRWMHADWAEMHHQRFQPYVAPYHGKLDHMNNPIEYA,3.0433114175411053
QVLADYEVIKWCKDCHTTKAAITIWEVPHDQKDHREFKDSSWKYATNKFR,4.44732987981931
PWDCPHKLASMIPSDPTGLKVTHCMVDQYPTMHDDCSMQDHIPWMAWPTK,0.779691339359154
GHFIQVYDIQQHGGNRWEDPSPLPINIKLHDFDVWLKHALCGGIVHVAQY,2.63210708581407
HYHEFAYDPHGGCSGIMVGQRMRPGEQPLNIYFCYNGRVVLHLFSWDHWN,3.7989094501567817
DQRYPTYEWRRKDCHKFTDKIKTIQSVTHYRHCCHWGNRPHHREDAHKAF,0.7277441052251137
RELCHWGRYNMDYTHVTSCFPMADVEKMTMDWYMQGWRMVEWDNENASCD,1.3915253690746767
LKQICMCRVFHWWSWTPIMVMKQCTSFAKDQVNQSFYYRKTNPLHHIRVA,1.3155377987507635
LWDHEFGLNQCDADRSYCYSRHFFKQWVKDMREFVNAYCKVFQMDKCQCL,2.847746662764739
SGNHEIWLAFGWVWWAYMDLHTSHPNNIIPMATWPRNTDHCCGESRLQKR,3.0814740528153037
HHIWVTVWIPMWHFFILFRSLIWEQIQNAWVNLAQKRQKMFNSYDFWFVE,2.521714154954802
ISAFVSLEVTPIINVGHTFWIWIWHDGIVRTEHTGPHKWYPRTFWGNRRD,2.0146214304362484
EFGGTIWYPRTTCDKGAWEPYIFLYWNAKSTVQTARWCQCRAANRVRHNL,2.424800677550826
GLDSFFLPDVWGYALLAWMPTYVERCGKMYSITEHMMMRFGFKMDYERVF,1.4402833146368716
MMESMAPWGYWGPMWHNSARPLVEGIYKIVHWVAMKLLATNNWTHMCSKL,6.607929217794187
TQWVVQDLPNKLWSDNIRMPGPMGGFHWMGKYVIVFGCEWESASATFSDL,1.489854060370162
VVTMKMKTYFNVSKIGTQQEITADTYDHMRHFTFAHTINCTYQDWQIHFD,0.2856522598599809
VYKRMFRCNHCIKFRWWPPGALGDPWLPHREMICAASVMIWNGSIHYDAG,4.771169662628841
DWCTSHGMRMHRSIFTCHGNSMTLSSRRYEDQLGMELSIKETLPTWTEGQ,0.864093251556262
GKPSSWFMRIRMPCCNYKYRHQTCKPFEAKSWDDHVYHSEPLCWQGPNNN,-0.8030912007981637
MQEPIDQWVMPGVYACHFWCDYLLIKCDSEGPGLTIKCTYMVDKIHHIYF,2.897347985558787
CLYLTCAVEATDCVEDNSMLWLDGQNICKQADYGYPMRVWWGRQFMYPPE,1.3205845862757362
KPIYMWAKCEEAVQPIGTMRHIMCYMQPINKLMMSVKDEYWLPANMFCTT,0.980565994763728
MALVRWEGCPCPRVMFQSQKGKFMNTGYGRTDWCKKHSGKPCQFMRGGSY,2.965814159228917
EFGPQPLTVHESLYWDWPIVWVWEPNRRLWIWKHIKTRSHLWGNRLVEMF,2.941415094662105
HMEEFKASFFHIWAVMSMKHRMWHSDSILKDHIDSQHEGHNHAVMMTNWV,4.433913877590928
PLWERVAWCLVELEVYERVKYTDPHQGQQQYVKNQSCSVKIAFHLMNAGE,1.0444017516560011
GFKEQREQLHVYRIKFGNHHRWPVLIMIIRCYPVNITGSQLCPAVQDRKP,0.41469868042503166
FFCATWTKLRPTHEDAHFTTRDDCIPGFPAVHTIWSQYLCSPFVYMFPAG,0.6936472381818983
PSRHQMPFVDNHYRAWLQRCTLFGGGQPPLSHDRFIFCWMMDPYWRGPVV,4.557725954602999
AMSAWIWSDCNLCFFGDLFYFRTTVLHMQKTCTTYLNNRKVSHQEDNSEE,1.951783297481631
NLQNNCWPLAAIGYDPNYSMEIHSNGGMNSSSENFKVKSAFWDAQVIQYY,2.3823665279143262
PSKHDYAIQPHPHYYFEEGQDDDEKSWSNGYDFHFKRYGIYFTLASADGT,1.004251039747552
FMLRVTQPYCNMWNELNHGIMGDYWAEWYTWQLKSRSVLDHHYMDVNTKF,1.0645224319801723
VKPDEVYRYGKMPERTNGHTMNPAVWMVLGCFLRQGQQNENTWSVGKWNM,0.629812363439998
VGFKPHALVNDFQRNESMEGSCPINGDRICSPAMAICPCECPERNNFLCI,3.291349601502721
FIPPRRMLGFFIACTHKEHLSLHCCIQVATTFSHRWCSKYVLYECQAIMA,2.125394652500227
LHPEPAMKPMIHYRRNTGPSAPHPHIVTSTIHVECSVIQVWEQCTGISAV,1.7597044393723704
DVLCWMWDLSDWYHTIDHLWRRFDDERSFILCQFHMDNQASRAPRTKFNT,2.281271955194703
LQFTVWHVNRQLTAEKEWFVRYICPPQRNFDVDQCVPCNCIFMPTSWRVG,0.5898137606541263
